element_type,osmid,geometry,addr:city,addr:housenumber,addr:postcode,addr:street,amenity,internet_access,name,name:en,website,wheelchair,addr:country,email,phone,source,toilets:wheelchair,level,barrier,access,operator,department,note,wikidata,check_date,official_name,fixme,addr:floor,wikipedia,height,min_height,start_date,int_name,short_name,description,alt_name,full_name,name:ru,wheelchair:description,name:es,heritage,heritage:operator,ref:at:bda,name:fr,contact:facebook,contact:instagram,contact:youtube,internet_access:fee,internet_access:ssid,operator:type,contact:twitter,faculty,operator:wikidata,nodes,addr2:city,addr2:country,addr2:housenumber,addr2:postcode,addr2:street,building,roof:colour,roof:height,roof:shape,building:levels,loc_ref,loc_name,contact:fax,contact:phone,contact:website,name:de,veterinary,veterinary:treats:horse,roof:levels,leisure,building:material,reg_name,university,addr:housename,landcover,landuse,url,local_name,year_of_construction,ways,type
node,76471793,POINT (16.3490715 48.2263343),Wien,97,1180,Währinger Gürtel,university,wlan,FHWien der WKW,Vienna University meeting place,https://www.fh-wien.ac.at/home/,yes,,,,,,,,,,,,,,,,,,,,,,,,,,,,,,,,,,,,,,,,,,,,,,,,,,,,,,,,,,,,,,,,,,,,,,,,,
node,425486957,POINT (16.3698786 48.2009238),Wien,2,1010,Karlsplatz,university,,Universität für Musik und darstellende Kunst,,,yes,AT,,,,,,,,,,,,,,,,,,,,,,,,,,,,,,,,,,,,,,,,,,,,,,,,,,,,,,,,,,,,,,,,,,,,,,,,
node,560176375,POINT (16.3582528 48.2147378),Wien,2,1090,Rooseveltplatz,university,,Institut für Soziologie,Department of Sociology,https://www.soz.univie.ac.at/,,,,+43 1 4277 49201,,,,,,Universität Wien,Institut für Soziologie,,,,,,,,,,,,,,,,,,,,,,,,,,,,,,,,,,,,,,,,,,,,,,,,,,,,,,,,,,,,,,,
node,574278370,POINT (16.3494753 48.2065905),Wien,2,1080,Strozzigasse,university,,Zentrum für Fernstudien Österreich - Studienzentrum Wien,,,,AT,,,,,,,,,,,,,,,,,,,,,,,,,,,,,,,,,,,,,,,,,,,,,,,,,,,,,,,,,,,,,,,,,,,,,,,,
node,631853821,POINT (16.3289294 48.1834269),,,,,university,,FH OÖ Seminarzentrum,,http://www.asict.at,,,,,local_knowledge,,,,,,,,,,,,,,,,,,,,,,,,,,,,,,,,,,,,,,,,,,,,,,,,,,,,,,,,,,,,,,,,,,,,,
node,956430165,POINT (16.3755704 48.2063379),Wien,26,1010,Singerstraße,university,,Universität für Musik und darstellende Kunst,,,,AT,,,,,,,,,,,,,,,,,,,,,,,,,,,,,,,,,,,,,,,,,,,,,,,,,,,,,,,,,,,,,,,,,,,,,,,,
node,957695878,POINT (16.3722361 48.2048709),Wien,4a,1010,Johannesgasse,university,,Konservatorium Wien,,http://www.konservatorium-wien.ac.at/,no,AT,,,,,,,,,,,Q876640,,,,,,,,,,,,,,,,,,,,,,,,,,,,,,,,,,,,,,,,,,,,,,,,,,,,,,,,,,,,,
node,957695880,POINT (16.3731698 48.2045465),Wien,8,1010,Johannesgasse,university,,Universität für Musik und darstellende Kunst,,,yes,AT,,,,,,,,,,,,,,,,,,,,,,,,,,,,,,,,,,,,,,,,,,,,,,,,,,,,,,,,,,,,,,,,,,,,,,,,
node,1466988216,POINT (16.3605274 48.2219254),,,,,university,,UNI Wien- Center for Teaching and Learning,,,,,,,,,,,,,,,,,,,,,,,,,,,,,,,,,,,,,,,,,,,,,,,,,,,,,,,,,,,,,,,,,,,,,,,,,,,,
node,1490046677,POINT (16.3578114 48.2017736),Wien,3,1070,Karl-Schweighofer-Gasse,university,,Institutsgebäude der Akademie der bildenden Künste,,,,AT,,,,,,,,,,,,,,,,,,,,,,,,,,,,,,,,,,,,,,,,,,,,,,,,,,,,,,,,,,,,,,,,,,,,,,,,
node,1547539696,POINT (16.3538417 48.220013),Wien,3,1090,Sensengasse,university,,Institut für Internationale Entwicklung,,,yes,AT,,,,,,,,Universität Wien,,,,,,,,,,,,,,,,,,,,,,,,,,,,,,,,,,,,,,,,,,,,,,,,,,,,,,,,,,,,,,,,
node,1547539700,POINT (16.3548261 48.2202919),Wien,3a,1090,Sensengasse,university,,Institut für Sprachwissenschaft,,,yes,AT,,,,,,,,Universität Wien,Institut für Sprachwissenschaft,,,,,,,,,,,,,,,,,,,,,,,,,,,,,,,,,,,,,,,,,,,,,,,,,,,,,,,,,,,,,,,
node,1547539731,POINT (16.3543567 48.2201811),Wien,3a,1090,Sensengasse,university,,Institut für Bildungswissenschaft,,,yes,AT,,,,,,,,Universität Wien,,,,,,,,,,,,,,,,,,,,,,,,,,,,,,,,,,,,,,,,,,,,,,,,,,,,,,,,,,,,,,,,
node,1701300686,POINT (16.3628772 48.2223299),,,,,university,,Institut für Staatswissenschaft,,,,,,,,,,,,,,,,,,,,,,,,,,,,,,,,,,,,,,,,,,,,,,,,,,,,,,,,,,,,,,,,,,,,,,,,,,,,
node,1752794744,POINT (16.3430165 48.1998942),Wien,29,1070,Schottenfeldgasse,university,,"Uni Klagenfurt, IFF-Wien",,http://www.uni-klu.ac.at/iff/inhalt/271.htm,,AT,,,,,,,,,,,,,Universität Klagenfurt – IFF-Wien,,,,,,,,,,,,,,,,,,,,,,,,,,,,,,,,,,,,,,,,,,,,,,,,,,,,,,,,,,,
node,1900583640,POINT (16.3554137 48.22045),Wien,7,1090,Sensengasse,university,,Institut für Sprachwissenschaft,,,,AT,,,,,,,,Universität Wien,,,,,,,,,,,,,,,,,,,,,,,,,,,,,,,,,,,,,,,,,,,,,,,,,,,,,,,,,,,,,,,,
node,1922367844,POINT (16.3848328 48.2082764),Wien,7,1030,Vordere Zollamtsstraße,university,,Betriebsrat für das künstlerische und wissenschaftliche Personal der Universität für angewandte Kunst Wien,,https://betriebsrat.uni-ak.ac.at/,,AT,betriebsrat.kw@uni-ak.ac.at,+43 1 711 33 2171,,,,,,,,,,,,,5,,,,,,,,,,,,,,,,,,,,,,,,,,,,,,,,,,,,,,,,,,,,,,,,,,,,,,,,,
node,2431089983,POINT (16.3673771 48.2192066),Wien,1,1090,Oskar-Morgenstern-Platz,university,,Fakultät für Mathematik,,https://mathematik.univie.ac.at/,,AT,,,,,,,,Universität Wien,,,,,,,,,,,,,,,,,,,,,,,,,,,,,,,,,,,,,,,,,,,,,,,,,,,,,,,,,,,,,,,,
node,2431089984,POINT (16.3666189 48.2191251),Wien,1,1090,Oskar-Morgenstern-Platz,university,,Fakultät für Wirtschaftswissenschaften,,https://wirtschaftswissenschaften.univie.ac.at/,,AT,,,,,,,,Universität Wien,,,,,,,,,,,,,,,,,,,,,,,,,,,,,,,,,,,,,,,,,,,,,,,,,,,,,,,,,,,,,,,,
node,2687645635,POINT (16.3359783 48.274765),,,,,university,,Modul University Vienna,,,,,,,,,,,,,,,Q872071,,,,,de:Modul University Vienna,,,,,,,,,,,,,,,,,,,,,,,,,,,,,,,,,,,,,,,,,,,,,,,,,,,,,,,,
node,2931512383,POINT (16.3829469 48.2141267),Wien,23,1020,Praterstraße,university,,Webster University,,http://www.webster.ac.at/,,AT,,,,,,,,,,,Q2553612,,,,,de:Webster Vienna Private University,,,,,,,,,,,,,,,,,,,,,,,,,,,,,,,,,,,,,,,,,,,,,,,,,,,,,,,,
node,2969329546,POINT (16.365903 48.2079424),,,,,university,,"Institut für Theater-, Film- und Medienwissenschaft",,https://tfm.univie.ac.at/,,,,,,,,,,Universität Wien,,,,,,,,,,,,"tfm - Institute for Theatre, Film and Media Sciences",tfm,,,,,,,,,,,,,,,,,,,,,,,,,,,,,,,,,,,,,,,,,,,,,,,,,,,
node,3405311508,POINT (16.3531333 48.2167282),Wien,2,1090,Spitalgasse,university,,Universitaetsvertretung Universitaet Wien,,https://oeh.univie.ac.at/,yes,AT,,,,yes,,,,,,,,,,,,,,,,,,,,,,,,,,,,,,,,,,,,,,,,,,,,,,,,,,,,,,,,,,,,,,,,,,,,
node,3664315650,POINT (16.3774409 48.2391664),Wien,6,1200,Höchstädtplatz,university,,FH Technikum Wien,,https://www.technikum-wien.at/,,AT,,+43 1 333 40 77-0,,,,,,,,,Q971426,,,,,,,,,,,,Technikum Wien,Fachhochschule Technikum Wien,,,,,,,,,,,,,,,,,,,,,,,,,,,,,,,,,,,,,,,,,,,,,,,,
node,3664526435,POINT (16.3698784 48.1989256),Wien,13,1040,Karlsplatz,university,,Technische Universität Wien,,https://www.tuwien.ac.at,limited,AT,,,,yes,,,,,,,,2022-10-26,,,,,,,,,,,,,Венский технический университет,"Die Universität besteht aus vielen Gebäuden, wovon einige modernisiert und zugänglich, andere aber kaum erreichbar sind (siehe Webseite).",,,,,,,,,,,,,,,,,,,,,,,,,,,,,,,,,,,,,,,,,,,,,,
node,3759092491,POINT (16.3321522 48.1877259),,,,,university,,OEAD Vorstudienlehrgang,,,,,,,,,,,,,,,,,,,,,,,,,,,,,,,,,,,,,,,,,,,,,,,,,,,,,,,,,,,,,,,,,,,,,,,,,,,,
node,3762548985,POINT (16.3333907 48.1874652),,,,,university,,Vienna Konservatorium,Vienna Conservatory,http://www.viennaconservatory.at/,,,,,,,,,,,,,Q1524024,,,,,de:Vienna Konservatorium,,,,,,,,,,,Viena Conservatorio,,,,,,,,,,,,,,,,,,,,,,,,,,,,,,,,,,,,,,,,,,,,,
node,3792841034,POINT (16.335329 48.1844019),,,,,university,,Richard Wagner Konservatorium,,,,,,,,,,,,,,,,,,,,,,,,,,,,,,,,,,,,,,,,,,,,,,,,,,,,,,,,,,,,,,,,,,,,,,,,,,,,
node,3891131757,POINT (16.3557127 48.2217238),Wien,5,1090,Boltzmanngasse,university,,Fakultät für Physik,,https://physik.univie.ac.at/,limited,AT,,,,,,,,Universität Wien,,,,,,,,,,,,,,,,,,,,,,,,,,,,,,,,,,,,,,,,,,,,,,,,,,,,,,,,,,,,,,,,
node,4268482937,POINT (16.353684 48.21619),Wien,"2–4, Tür 1.13",1090,Spitalgasse,university,,Institut für Zeitgeschichte,Department of Contemporary History,https://zeitgeschichte.univie.ac.at/,,AT,,+43 1 4277 41201,,,2,,,,Institut für Zeitgeschichte,,Q1272555,,,,,de:Institut für Zeitgeschichte der Universität Wien,,,,,,"Das Institut für Zeitgeschichte forscht und lehrt zur Geschichte des 20. Jh.s mit den Schwerpunkten: Wissenschaftsgeschichte, Österreichische Zeitgeschichte als Republikgeschichte, Diktaturen, Gewalt & Genozid, Frauen- & Geschlechterforschung, Visuelle ZG",,,,,,,,,,,,,,,,,,,,,,,,,,,,,,,,,,,,,,,,,,,,,,,,,,
node,4409272768,POINT (16.3669939 48.1991206),,,,,university,,Hörsaal FH1,,,,,,,,,1,,,TU Wien,,,,,,,,,,,,,,,,,,,,,,,,,,,,,,,,,,,,,,,,,,,,,,,,,,,,,,,,,,,,,,,,
node,4679012885,POINT (16.3561864 48.222549),Wien,9,1090,Boltzmanngasse,university,,Erwin-Schrödinger-Institut für Mathematische Physik,Erwin Schrödinger International Institute for Mathematical Physics,https://www.esi.ac.at/,,AT,secr@esi.ac.at,,,,2,,,University of Vienna,,,Q1362780,,,,,de:Erwin-Schrödinger-Institut für Mathematische Physik,,,,,,ESI,,,,,,,,,Institut international Erwin Schrödinger pour la physique mathématique,,,,,,,,,,,,,,,,,,,,,,,,,,,,,,,,,,,,,,,,,
node,4885151421,POINT (16.335079 48.2362184),Wien,,1190,,university,,BOKU - Adolf v. Guttenberg Haus,,,yes,AT,,,,yes,,,,,,,,,,,,,,,,,,,,,,,,,,,,,,,,,,,,,,,,,,,,,,,,,,,,,,,,,,,,,,,,,,,,
node,4885158021,POINT (16.3375091 48.2365614),Wien,33,1180,Gregor-Mendel-Straße,university,,BOKU Gregor-Mendel Haus,,,yes,AT,,,,yes,,,,,,,,,,,,,,,,,,,,,,Eingang über den Innenhof,,,,,,,,,,,,,,,,,,,,,,,,,,,,,,,,,,,,,,,,,,,,,,
node,4885161621,POINT (16.3370638 48.2365471),Wien,,1180,Gregor-Mendel-Straße,university,,BOKU Justus v. Liebig-Haus,,,yes,AT,,,,yes,,,,,,,,,,,,,,,,,,,,,,Eingang über Innenhof,,,,,,,,,,,,,,,,,,,,,,,,,,,,,,,,,,,,,,,,,,,,,,
node,5302948671,POINT (16.5094186 48.223287),,,,,university,,Privatuniversität Schloss Seeburg,,https://www.uni-seeburg.at/campus-wien/,,,infowien@uni-seeburg.at,+43 1 361 5900 0,,,,,,,,,,,,,,,,,,,,,,,,,,,,,,https://www.facebook.com/PrivatuniSchlossSeeburg,https://www.instagram.com/uni_seeburg/,https://www.youtube.com/channel/UCfRY9rUeqstMLPiyVQzUX1w,,,,,,,,,,,,,,,,,,,,,,,,,,,,,,,,,,,,,,
node,5394930582,POINT (16.3635307 48.219538),Wien,4,1090,Porzellangasse,university,,Zentrum für LehrerInnenbildung,,https://lehrerinnenbildung.univie.ac.at/,,,,,,,,,,Universität Wien,,,,,,,,,,,,,,,,,,,,,,,,,,,,,,,,,,,,,,,,,,,,,,,,,,,,,,,,,,,,,,,,
node,5446380146,POINT (16.3430158 48.1997863),Wien,29,1070,Schottenfeldgasse,university,,Universität für Bodenkultur Wien / Institut für Soziale Ökologie,,http://www.wiso.boku.ac.at/institut-fuer-soziale-oekologie-sec/,,AT,,,,,,,,,,,,,,,,,,,,,,,,,,,,,,,,,,,,,,,,,,,,,,,,,,,,,,,,,,,,,,,,,,,,,,,,
node,5938619457,POINT (16.3812516 48.1964098),Wien,8,1030,Rennweg,university,,Universität für Musik und darstellende Kunst Wien,,,,AT,,,,,,,,,,,,,,,,,,,,,,"Alter und neuer Konzertsaal, Sitzungssaal",,,,,,,,,,,,,,,,,,,,,,,,,,,,,,,,,,,,,,,,,,,,,,,,,,
node,5997157941,POINT (16.353233 48.2180278),Wien,"2, Hof 3",1090,Spitalgasse,university,,Institut für Slawistik,Department of Slavonic Studies,,,,,+43 1 4277 428 01,,,,,,Universität Wien,Institut für Slawistik,,,,,,,,,,,,,,,,,,,,,,,,,,,,,,,,,,,,,,,,,,,,,,,,,,,,,,,,,,,,,,,
node,5997157942,POINT (16.3526375 48.2180619),Wien,"2, Hof 3",1090,Spitalgasse,university,,Institut für Osteuropäische Geschichte,Department of East European History,https://iog.univie.ac.at/,,,,+43 1 4277 41101,,,,,,Universität Wien,Institut für Osteuropäische Geschichte,,,,,,,,,,,,,,,,,,,,,,,,,,,,,,,,,,,,,,,,,,,,,,,,,,,,,,,,,,,,,,,
node,6065360853,POINT (16.3528625 48.2168091),Wien,"2-4, Tür 2.8",1090,Spitalgasse,university,,Institut für Ethik und Recht in der Medizin,Department for Ethics and Law in Medicine,https://ierm.univie.ac.at/,,,,+43 1 4277 22201,,,,,,Universität Wien,Institut für Ethik und Recht in der Medizin,,,,,,,,,,,,,,,,,,,,,,,,,,,,,,,,,,,,,,,,,,,,,,,,,,,,,,,,,,,,,,,
node,6065360854,POINT (16.3565168 48.2192958),Wien,25,1090,Währinger Straße,university,,Institut für Geschichte der Medizin,,,,AT,,,,,,,,Medizinische Universität Wien,yes,,,,,Lage im Gebäude,,,,,,,,,,,,,,,,,,,,,,,,,,,,,,,,,,,,,,,,,,,,,,,,,,,,,,,,,,
node,6239186443,POINT (16.355245 48.2212424),,,,,university,,Fakultät für Chemie,,https://chemie.univie.ac.at/,yes,,,,,,,,,Universität Wien,,,,,,,,,,,,,,,,,,,,,,,,,,,,,,,,,,,,,,,,,,,,,,,,,,,,,,,,,,,,,,,,
node,6883154732,POINT (16.3978582 48.1813708),Wien,4,1030,Franz-Grill-Straße,university,yes,IFT (E311) - Institut für Fertigungstechnik und Photonische Technologien - TEC-Lab,,https://www.ift.at/,yes,,,+43-1-58801 311 06,,,,,,TU Wien,,Anfahrt: http://www.ift.at/das-institut/standorte/tec-lab-labor-fuer-fertigungstechnik/,,,,,,,,,,,,,,,,,,,,,,,,,no,eduroam,government,,,,,,,,,,,,,,,,,,,,,,,,,,,,,,,,,,,
node,6883204477,POINT (16.3970297 48.1806845),,,,,university,,IET(E302) - Institut für Energietechnik und Thermodynamik,,https://www.iet.tuwien.ac.at/,,,,,,,,,,TU Wien,,,,,,,,,,,,,,,,,,,,,,,,,,,,,government,,,,,,,,,,,,,,,,,,,,,,,,,,,,,,,,,,,
node,6955759200,POINT (16.3972521 48.1811703),,,,,university,wlan,Seminarraum O221-2 (OAEGC45),,https://tiss.tuwien.ac.at/events/roomSchedule.xhtml?dswid=4922&dsrid=316&roomCode=OAEGC45,,,,,,,,,,TU Wien,,,,,,,,,,,,,,,,,,,,,,,,,,,,,government,,,,,,,,,,,,,,,,,,,,,,,,,,,,,,,,,,,
node,6955759201,POINT (16.3968329 48.1809568),,,,,university,wlan,Seminarraum O221-1 (OAEGC11),,https://tiss.tuwien.ac.at/events/roomSchedule.xhtml?dswid=4922&dsrid=680&roomCode=OAEGC11,,,,,,,,,,TU Wien,,,,,,,,,,,,,,,,,,,,,,,,,,,,,government,,,,,,,,,,,,,,,,,,,,,,,,,,,,,,,,,,,
node,6955759202,POINT (16.3970957 48.1810097),,,,,university,wlan,HS O221,,https://tiss.tuwien.ac.at/events/roomSchedule.xhtml?roomCode=OA01E29&initialDate=20191107&dswid=4922&dsrid=515,,,,,,,,,,TU Wien,,,,,,,,,,,,,,,,,,,,,,,,,,,,,government,,,,,,,,,,,,,,,,,,,,,,,,,,,,,,,,,,,
node,6955759232,POINT (16.3969781 48.1817857),Wien,14,1030,Lilienthalgasse,university,yes,Gebäude OC (ehem. Objekt 236),,,yes,,,,,,,,,TU Wien,,,,,,,,,,,,,,,,,,,,,,,,,,,no,eduroam,government,,,,,,,,,,,,,,,,,,,,,,,,,,,,,,,,,,,
node,6955759241,POINT (16.3970067 48.18206),Wien,,1030,Lilienthalgasse,university,yes,Gebäude OD (ehem. Objekt 219),,https://www.tuwien.at/tu-wien/campus/tu-univercity/standorte/arsenal-science-center/,,,,,,,,,,TU Wien,,,,,,,,,,,,,,,,,,,,,,,,,,,,,government,,,,,,,,,,,,,,,,,,,,,,,,,,,,,,,,,,,
node,6955805974,POINT (16.3968261 48.18209),Wien,,1030,Lilienthalgasse,university,yes,E222 -  Institut für Wasserbau und Ingenieurhydrologie,,https://www.tuwien.at/tu-wien/campus/tu-univercity/standorte/arsenal-science-center/,,,,,,,,,,TU Wien,,,,,,,,,,,,,,,,,,,,,,,,,,,,,government,,,,,,,,,,,,,,,,,,,,,,,,,,,,,,,,,,,
node,6955805975,POINT (16.3970346 48.1821877),Wien,,1030,Lilienthalgasse,university,yes,E226 - Institut für Wassergüte und Ressourcenmanagement,,https://www.tuwien.at/tu-wien/campus/tu-univercity/standorte/arsenal-science-center/,,,,,,,,,,TU Wien,,,,,,,,,,,,,,,,,,,,,,,,,,,,,government,,,,,,,,,,,,,,,,,,,,,,,,,,,,,,,,,,,
node,6958086281,POINT (16.3965297 48.1812228),,,,,university,yes,E212 Institut fürTragkonstruktion,,,yes,,,,,,,,,TU Wien,,,,,,,,,,,,,,Halle1,,,,,,,,,,,,,no,eduroam,government,,,,,,,,,,,,,,,,,,,,,,,,,,,,,,,,,,,
node,6964890014,POINT (16.3966827 48.18129),,,,,university,yes,E220-2 Institut für Geotechnik - Erdbaulabor,,https://www.igb.tuwien.ac.at/institut/erdbaulabor/,yes,,,,,,,,,TU Wien,,,,,,,,,,,,,,Halle2,,,,,,,,,,,,,no,eduroam,government,,,,,,,,,,,,,,,,,,,,,,,,,,,,,,,,,,,
node,6964890015,POINT (16.3976808 48.1817988),,,,,university,yes,E230-2 Straßenbautechnisches Labor,,https://www.ivws.tuwien.ac.at/labor/kontakt/,yes,,,,,,,,,TU Wien,,,,,,,,,,,,,,Halle9,,,,,,,,,,,,,no,eduroam,government,,,,,,,,,,,,,,,,,,,,,,,,,,,,,,,,,,,
node,6964890032,POINT (16.3974261 48.1816701),,,,,university,yes,IMWS Logo Institut für Mechanik der Werkstoffe und Strukturen,,https://www.imws.tuwien.ac.at/home/,yes,,,,,,,,,TU Wien,,,,,,,,,,,,,,"Halle7+8, übersiedelt von Rellahalle",,,,,,,,,,,,,no,eduroam,government,,,,,,,,,,,,,,,,,,,,,,,,,,,,,,,,,,,
node,8049938114,POINT (16.3587222 48.231051),Wien,14,1090,Althanstraße,university,yes,Studienvertretung Biologie,,https://www.univie.ac.at/stv-biologie/,,,,,,,,,,ÖH UniWien,,,,,,,,,,,,,,,,,,,,,,,,,,,customers,eduroam,public,,,,,,,,,,,,,,,,,,,,,,,,,,,,,,,,,,,
node,9156460407,POINT (16.3531527 48.2175168),Wien,"2,  Tür 2.4",1090,Spitalgasse,university,,Japanologie,Japanese Studies,https://japanologie.univie.ac.at/,,,,+43 1 4277 43801,,,,,,Universität Wien,Japanologie,,,,,,,,,,,,,Institut für Ostasienwissenschaften Abteilung Japanologie,,,,,,,,,,,,,,,,,,,,,,,,,,,,,,,,,,,,,,,,,,,,,,,,,,
node,9156460408,POINT (16.3519386 48.2176192),Wien,"2, Tür 5.4",1090,Spitalgasse,university,,Koreanologie,Korean Studies,https://koreanologie.univie.ac.at/,,,,+43 1 4277 43820,,,,,,Universität Wien,Koreanologie,,,,,,,,,,,,,Institut für Ostasienwissenschaften Abteilung Koreanologie,,,,,,,,,,,,,,,,,,,,,,,,,,,,,,,,,,,,,,,,,,,,,,,,,,
node,9156460409,POINT (16.352159 48.2173165),Wien,"2, Tür 2.3",1090,Spitalgasse,university,,Sinologie,Sinology,https://sinologie.univie.ac.at/,,,,+43 1 4277 438 40,,,,,,Universität Wien,Sinologie,,,,,,,,,,,,,Institut für Ostasienwissenschaften Abteilung Sinologie,,,,,,,,,,http://www.facebook.com/SinologieUniWien/,,,,,,@SinoVienna,,,,,,,,,,,,,,,,,,,,,,,,,,,,,,,,,,
node,9160245394,POINT (16.3517818 48.2181571),Wien,"2-4, Tür",1090,Spitalgasse,university,,Institut für Afrikawissenschaften,Department of African Studies,https://afrika.univie.ac.at,,,,,,,,,,Universität Wien,Institut für Afrikawissenschaften,,,,,,,,,,,,,,,,,,,,,,,http://www.facebook.com/afrikawissenschaftenwien/,,,,,,,,,,,,,,,,,,,,,,,,,,,,,,,,,,,,,,,,
node,9160245395,POINT (16.355059 48.2174273),Wien,"2-4, Tür 8.3",1090,Spitalgasse,university,,Institut für Anglistik und Amerikanistik,Department of English and American Studies,https://anglistik.univie.ac.at/,,,,+43 1 4277 42401,,,,,,Universität Wien,Institut für Anglistik und Amerikanistik,,,,,,,,,,,,,,,,,,,,,,,,,,,,,,,,,,,,,,,,,,,,,,,,,,,,,,,,,,,,,,,
node,9160245396,POINT (16.3521671 48.2173986),Wien,"2-4, Tür 2.3",1090,Spitalgasse,university,,East Asian Economy and Society,,https://ecos.univie.ac.at/,,,,+43 1 4277 43840,,,,,,Universität Wien,East Asian Economy and Society,,,,,,,,,,,,,,,,,,,,,,,https://www.facebook.com/EcoS.Univie/,,,,,,,,,,,,,,,,,,,,,,,,,,,,,,,,,,,,,,,,
node,9160245397,POINT (16.35386 48.217477),Wien,"2-4, Tür 7.2",1090,Spitalgasse,university,,Finno-Ugristik,Finno-Ugrian Studies,https://finno-ugristik.univie.ac.at/,,,,,,,,,,Universität Wien,Finno-Ugristik,,,,,,,,,,,,,Institut für Europäische und Vergleichende Sprach- und Literaturwissenschaft Finno-Ugristik,,,,,,,,,,http://www.facebook.com/finnougristik/,,,,,,,,,,,,,,,,,,,,,,,,,,,,,,,,,,,,,,,,
node,9160245398,POINT (16.3541215 48.2174738),Wien,"2-4, Tür 7.3",1090,Spitalgasse,university,,Institut für Judaistik,Institute for Jewish Studies,https://judaistik.univie.ac.at/,,,,+43 1 4277 43301,,,,,,Universität Wien,Institut für Judaistik,,,,,,,,,,,,,,,,,,,,,,,,,,,,,,,,,,,,,,,,,,,,,,,,,,,,,,,,,,,,,,,
node,9160317795,POINT (16.3558966 48.2175062),Wien,13 Hof 9,1090,Garnisongasse,university,,Institut für Kunstgeschichte,Department of Art History,https://kunstgeschichte.univie.ac.at,,,,+43 1 4277 41401,,,,,,Universität Wien,Institut für Kunstgeschichte,,,,,,,,,,,,,,,,,,,,,,,,,,,,,,,,,,,,,,,,,,,,,,,,,,,,,,,,,,,,,,,
node,9160317796,POINT (16.3556155 48.2168786),Wien,"2-4, Tür 9.1",1090,Spitalgasse,university,,Institut für Musikwissenschaft,Department of Musicology,https://musikwissenschaft.univie.ac.at/,,,,+43 1 4277 44201,,,,,,Universität Wien,Institut für Musikwissenschaft,,,,,,,,,,,,,Eingang via Garnisongasse 13,,,,,,,,,,,,,,,,,,,,,,,,,,,,,,,,,,,,,,,,,,,,,,,,,,
node,9160317797,POINT (16.3515022 48.2171331),Wien,"2-4, Tür 4.1",1090,Spitalgasse,university,,Institut für Orientalistik,Department of Near Eastern Studies,https://orientalistik.univie.ac.at,,,,+43 1 4277 43401,,,,,,Universität Wien,Institut für Orientalistik,,,,,,,,,,,,,,,,,,,,,,,http://www.facebook.com/orientalistik.universitatwien/,,,,,,,,,,,,,,,,,,,,,,,,,,,,,,,,,,,,,,,,
node,9160317798,POINT (16.354579 48.2167869),Wien,"2-4, Tür 8.1",1090,Spitalgasse,university,,Institut für Romanistik,Department of Romance Studies,https://romanistik.univie.ac.at/,,,,+43 1 4277 42601,,,,,,Universität Wien,Institut für Romanistik,,,,,,,,,,,,,,,,,,,,,,,,,,,,,,,,,,,,,,,,,,,,,,,,,,,,,,,,,,,,,,,
node,9160317799,POINT (16.3533744 48.2167894),Wien,"2-4, Tür 2.7",1090,Spitalgasse,university,,"Institut für Südasien-, Tibet- und Buddhismuskunde","Department of South Asian, Tibetan and Buddhist Studies",https://stb.univie.ac.at/,,,,+43 1 4277 43 501,,,,,,Universität Wien,"Institut für Südasien-, Tibet- und Buddhismuskunde",,,,,,,,,,,,,,,,,,,,,,,,,,,,,,,,,,,,,,,,,,,,,,,,,,,,,,,,,,,,,,,
node,9160317800,POINT (16.3515034 48.2150899),Wien,"2-4, Tür",1090,Spitalgasse,university,,Institut Wiener Kreis,Institute Vienna Circle,https://wienerkreis.univie.ac.at/,,,,+43 1 4277 46501,,,,,,Universität Wien,Institut Wiener Kreis,,,,,,,,,,,,,,,,,,,,,,,,,,,,,,,,,,,,,,,,,,,,,,,,,,,,,,,,,,,,,,,
node,9591884496,POINT (16.3562074 48.2199945),Wien,29,1090,Währinger Straße,university,,Institut für Publizistik- und Kommunikationswissenschaft,,https://publizistik.univie.ac.at/,,,,,,,,,,Universität Wien,Institut für Publizistik- und Kommunikationswissenschaft,,,,,,,,,,,,,,,,,,,,,,,,,,,,,,,,,,,,,,,,,,,,,,,,,,,,,,,,,,,,,,,
node,9591884497,POINT (16.356046 48.2200922),Wien,29,1090,Währinger Straße,university,,Fakultät für Informatik,,https://informatik.univie.ac.at/,,,,,,,,,,Universität Wien,,,,,,,,,,,,,,,,,,,,,,,,,,,,,,,computer_science,,,,,,,,,,,,,,,,,,,,,,,,,,,,,,,,,
node,9974582617,POINT (16.3780363 48.208578),Wien,13,1010,Bäckerstraße,university,,Österreichische Akademie der Wissenschaften,,https://www.oeaw.ac.at,limited,AT,,+43 1 51581-0,,,,,,,,,,,,,,,,,,,,,,,,,,,,,,,,,,,,,,,,,,,,,,,,,,,,,,,,,,,,,,,,,,,,,,
node,10075919140,POINT (16.3629846 48.2108553),Wien,8-10,1010,Schenkenstraße,university,,Evangelisch-Theologische Fakultät,,https://etf.univie.ac.at/,,,,,,,,,,Universität Wien,,,,,,,,,,,,,,,,,,,,,,,,,,,,,university,,,Q165980,,,,,,,,,,,,,,,,,,,,,,,,,,,,,,,,
node,10075919141,POINT (16.3628702 48.210816),Wien,8-10,1010,Schenkenstraße,university,,Katholisch-Theologische Fakultät,,https://ktf.univie.ac.at/,,,,,,,,,,Universität Wien,,,,,,,,,,,,,,,,,,,,,,,,,,,,,university,,,Q165980,,,,,,,,,,,,,,,,,,,,,,,,,,,,,,,,
node,10075919142,POINT (16.3627938 48.210788),Wien,8-10,1010,Schenkenstraße,university,,Rechtswissenschaftliche Fakultät,,https://juridicum.univie.ac.at/,,,,,,,,,,Universität Wien,,,,,,,,,,,,,,,,,,,,,,,,,,,,,university,,,Q165980,,,,,,,,,,,,,,,,,,,,,,,,,,,,,,,,
way,10615515,"POLYGON ((16.3565908 48.21979, 16.3566995 48.2196916, 16.3565495 48.2196181, 16.3565447 48.2196224, 16.3563347 48.2195195, 16.3564897 48.2193791, 16.3565955 48.2194309, 16.3567518 48.2192893, 16.3566531 48.2192409, 16.3568136 48.2190956, 16.357015 48.2191943, 16.3570111 48.2191979, 16.3571604 48.219271, 16.3572613 48.2191796, 16.3571227 48.2191117, 16.3571177 48.2191162, 16.3567728 48.2189471, 16.3565271 48.2191696, 16.3565128 48.2191626, 16.3563486 48.2193113, 16.3563569 48.2193153, 16.3561059 48.2195427, 16.3564446 48.2197087, 16.3564377 48.219715, 16.3565908 48.21979))",Wien,25,1090,Währinger Straße,university,,Medizinische Universität Wien – Josephinum,,,,AT,,,wien.gv.at,,,,,,,,Q1466545,,,,,de:Josephinum (Wien),23,,,,,,,,,,,,,,,,,,,,,,,,"[92862269, 92862270, 1257860500, 1257860526, 92862272, 92862273, 92862274, 92862276, 92862277, 92862278, 1257860523, 1257860515, 92862279, 92862280, 1257860530, 1257860509, 92862281, 1257860511, 1257860499, 1257860517, 1257860502, 92862282, 1257860525, 1257860521, 92862269]",Wien,AT,3,1090,Van-Swieten-Gasse,yes,#a3331e,7,hipped,,,,,,,,,,,,,,,,,,,,,,
way,25427674,"POLYGON ((16.3825026 48.2087205, 16.3833861 48.2083923, 16.3829063 48.2076265, 16.3822312 48.2078332, 16.3818117 48.2080089, 16.381945 48.2081735, 16.3825026 48.2087205))",Wien,2,1010,Oskar-Kokoschka-Platz,university,,Universität für angewandte Kunst in Wien,,https://www.dieangewandte.at/,limited,AT,,+43 1 711 33 - 0,,,,,,,,,Q877686,,,,,,,,,,,,,,,,,,,,,,,,,,,,,,"[277118029, 277118030, 277118031, 277118032, 1179555805, 277118034, 277118029]",,,,,,,,,,,,,,,,,,,,,,,,,,,,,,,
way,26641949,"POLYGON ((16.4309408 48.2575431, 16.4314051 48.2576109, 16.4318891 48.257713, 16.4342414 48.2583092, 16.4344666 48.2582328, 16.4344869 48.2581688, 16.4334909 48.2568495, 16.4319009 48.2545886, 16.4316678 48.2542644, 16.4314512 48.2539731, 16.4310711 48.2533191, 16.4308943 48.2529873, 16.4307226 48.252665, 16.4306732 48.2525578, 16.4306601 48.2525294, 16.4301611 48.2514456, 16.430068 48.2514226, 16.4298694 48.2514807, 16.4291158 48.2517013, 16.4286973 48.251836, 16.4283614 48.2519441, 16.4282229 48.2519866, 16.4281905 48.252022, 16.4281976 48.252283, 16.4281864 48.2524798, 16.4281464 48.2527045, 16.4281165 48.2528192, 16.4280733 48.2529454, 16.4279714 48.2531758, 16.4278725 48.2533579, 16.4279697 48.2535381, 16.4280855 48.2538114, 16.4285771 48.2545208, 16.4289488 48.2550422, 16.4309408 48.2575431))",,,,,university,,Veterinärmedizinische Universität,University of Veterinary Medicine,,,,,,,,,,,,,,Q877421,,,,,,,,1765,,Vetmeduni Vienna,,,,,,,,,,,,,,,,,,,,"[292221138, 1555261198, 1555261219, 1043115902, 1555261243, 292221139, 1043116576, 1043115889, 1212740735, 292221140, 1212740734, 8463466406, 1212740746, 8463466405, 8463496755, 1212740743, 292221141, 8463496757, 1915046380, 8463496756, 1915046382, 292221142, 1555260629, 1915046383, 292221143, 1915046385, 1555260645, 292221144, 1915046390, 292221146, 1751692327, 1555260828, 1555261018, 1555261023, 292221138]",,,,,,,,,,,,,+43 1 25077-1090,+43 1 25077-0,https://www.vetmeduni.ac.at/,Veterinärmedizinische Universität,hospital,yes,,,,,,,,,,,,,
way,28324131,"POLYGON ((16.3302752 48.237247, 16.3302749 48.237282, 16.3304109 48.2377134, 16.3304623 48.2379033, 16.3305166 48.2381538, 16.3317642 48.2381575, 16.3317644 48.2383289, 16.3323972 48.2383268, 16.3325597 48.2377748, 16.3326171 48.2377102, 16.3329425 48.2377104, 16.3329999 48.237656, 16.3329917 48.237171, 16.3305424 48.2371662, 16.3304286 48.2371682, 16.330397 48.2371712, 16.3303761 48.2371746, 16.3303558 48.2371792, 16.3303386 48.2371862, 16.3303212 48.2371933, 16.3303043 48.237203, 16.3302916 48.2372198, 16.3302752 48.237247))",,,,,university,,Universität für Bodenkultur / Türkenschanze,,,limited,,,,,yes,,,,,,,,,,,,,,,,,,,,,,,,,,,,,,,,,,,,,"[6547129877, 6942702878, 6942702881, 6942702882, 1123528188, 311059898, 311059900, 311059901, 1233913668, 311059903, 6739649116, 311059904, 1365318400, 486665382, 1365318393, 1365318390, 1365318385, 1365318398, 1365318414, 1365318415, 1365318434, 6547129878, 6547129877]",,,,,,,,,,,,,,,,,,,,,,,,,,,,,,,
way,31830729,"POLYGON ((16.3171465 48.2048998, 16.3171497 48.2049206, 16.3171629 48.2049377, 16.3171817 48.2049493, 16.3172051 48.2049614, 16.3172326 48.204977, 16.3172474 48.2049927, 16.3172574 48.2050043, 16.3172722 48.2050271, 16.317228 48.2050336, 16.3171833 48.2050403, 16.317243 48.2052186, 16.3172629 48.2052762, 16.317268 48.2052945, 16.3172084 48.2053037, 16.3174031 48.2058768, 16.3175504 48.2058546, 16.3175899 48.2058491, 16.3175664 48.20578, 16.3175926 48.2057748, 16.3177259 48.205752, 16.3180614 48.2057, 16.320165 48.2053742, 16.3201535 48.2053238, 16.3201643 48.2052916, 16.3201483 48.2052147, 16.3200308 48.204649, 16.3200122 48.2046272, 16.3199987 48.2046115, 16.319949 48.2045587, 16.319842 48.2039471, 16.319673 48.2030372, 16.3196483 48.2028928, 16.318497 48.2029895, 16.3184101 48.2029959, 16.3183692 48.2029749, 16.3179421 48.20301, 16.3178374 48.2030204, 16.3176638 48.2030327, 16.3174772 48.2030491, 16.3173172 48.2030617, 16.3172044 48.2030707, 16.3169314 48.2030929, 16.316899 48.2031108, 16.3168473 48.2031561, 16.3168351 48.2032005, 16.3168382 48.2032331, 16.3168599 48.2033357, 16.3168707 48.2033924, 16.3169396 48.2033879, 16.3169475 48.2034363, 16.3169034 48.2034416, 16.3170643 48.2042985, 16.3170747 48.2043621, 16.3170843 48.2044236, 16.3171594 48.2048202, 16.3171694 48.2048818, 16.3171723 48.2048997, 16.3171465 48.2048998))",,,,,university,,Universitätssportzentrum Schmelz,,,,,,,,,,,,Uni Wien,,,,,,,,,,,,,,,,,,,,,,,,,,,,,,,,,"[303939410, 9116268649, 9116268648, 9116268643, 9116268647, 9116268646, 9116268645, 9116268644, 9116268651, 2018371613, 9116268640, 9116268639, 9107895978, 9116268638, 435145223, 3618582762, 1811231060, 1811231058, 4068101973, 9125696756, 303939412, 9125696757, 3496805665, 9116235246, 9116235247, 9116268637, 9116235248, 9125696754, 9116235249, 9116235250, 270251052, 270251051, 9110837097, 9116235251, 9116235252, 9116235253, 2015256317, 2015256318, 2015256319, 2015256321, 2015256322, 2015256323, 9116268636, 1624690193, 1624690210, 1624690215, 1624690221, 1624690245, 1805809782, 1805809781, 1624690240, 1624690243, 435145246, 7992142584, 9110872417, 9110872419, 9116268642, 9110837116, 303939410]",,,,,,,,,,,,,,,,,,,,sports_centre,,,,,,,,,,,
way,33151166,"POLYGON ((16.3862972 48.2030586, 16.3858313 48.2030018, 16.3857512 48.203284, 16.3852105 48.2030329, 16.3846227 48.2028182, 16.3844683 48.2027639, 16.3845882 48.2023128, 16.3846008 48.2022635, 16.3846533 48.2020837, 16.3846748 48.2020141, 16.3846368 48.20201, 16.3846863 48.2018239, 16.3847332 48.2016471, 16.3847645 48.2016506, 16.3847767 48.2015974, 16.3848278 48.2014051, 16.3848404 48.2013564, 16.3849604 48.2008873, 16.3849696 48.2008886, 16.384972 48.2008774, 16.3849737 48.2008695, 16.3849745 48.2008638, 16.3852657 48.2008944, 16.3854254 48.2009084, 16.3854358 48.2009083, 16.3858788 48.2009407, 16.3858831 48.2009415, 16.3867426 48.2010035, 16.386785 48.2010066, 16.3868 48.2010508, 16.3867807 48.2012323, 16.3867655 48.2013088, 16.3867572 48.2013624, 16.386742 48.201443, 16.386674 48.2019059, 16.3866245 48.2021434, 16.3866129 48.2021988, 16.3865562 48.2024024, 16.386543 48.2024525, 16.3865331 48.2024924, 16.386492 48.2026377, 16.3864777 48.2026894, 16.3864233 48.2027971, 16.3865272 48.2028252, 16.3866965 48.202874, 16.3867039 48.2028761, 16.386762 48.2028929, 16.3867675 48.2028945, 16.3869267 48.2029397, 16.3868464 48.2030467, 16.3868093 48.2030962, 16.3866626 48.2030514, 16.3866253 48.2030406, 16.3865952 48.2030319, 16.3864233 48.202982, 16.3863459 48.2029596, 16.3862972 48.2030586))",Wien,1,1030,Anton-von-Webern-Platz,university,,Universität für Musik und darstellende Kunst Wien,University of Music and Performing Arts Vienna,https://www.mdw.ac.at,,AT,,,,,,,,,,,Q686522,,,,,de:Universität für Musik und darstellende Kunst Wien,,,,,mdw,,,,,,,,,,,mdwwien,mdwwien,,,,,mdwwien,,,"[1492560909, 3703400032, 3703400033, 374654375, 1492560907, 1492560914, 1492560917, 367930607, 5737257952, 1492560908, 1492560912, 5106255687, 1492560916, 1492560919, 5737257950, 367930606, 373573770, 1932738698, 1459800277, 8680856620, 123541841, 7638420714, 3970373859, 1929841823, 9762881170, 5106255732, 1932738704, 1932738705, 374654319, 1929841833, 1929841851, 374751464, 374751446, 374735748, 374654331, 8571300978, 375904892, 374654343, 374640497, 374640332, 1929841992, 374654354, 1929842030, 1929842034, 1929842040, 1929842041, 1929842042, 1929842043, 1929842053, 5106255669, 1929842077, 1929842064, 1929842063, 1929842061, 1929842058, 1929842055, 1492560909]",,,,,,,,,,,,,,,,Universität für Musik und darstellende Kunst Wien,,,,,,,,,,,,,,,
way,35324033,"POLYGON ((16.364515 48.2138787, 16.3645171 48.2138848, 16.3645243 48.2138896, 16.3647343 48.2139939, 16.3651021 48.2141765, 16.3653141 48.2142818, 16.3653246 48.2142846, 16.3653349 48.2142835, 16.3653427 48.214279, 16.3655835 48.2140665, 16.3655884 48.2140594, 16.3655871 48.2140524, 16.3655798 48.2140463, 16.3653757 48.2139461, 16.3649931 48.2137583, 16.3647804 48.2136538, 16.3647688 48.2136504, 16.3647579 48.2136518, 16.3647493 48.2136574, 16.3645181 48.2138725, 16.364515 48.2138787))",,,,,university,,Rechtswissenschaftliche Fakultät,Faculty of Law,https://www.juridicum.at/,yes,,,,,,,,,Universität Wien,,,,,,,,,28.5,14,,,,,,,,,,,,,,,,,,,,,,,"[414037722, 1448883635, 1448883637, 9500680958, 9500680959, 1448883647, 414037723, 1448883648, 1448883646, 1448883645, 1448883644, 414037724, 1448883643, 9500680964, 9500680965, 1448883629, 414037725, 1448883628, 1448883630, 1448883632, 414037722]",,,,,,university,,,flat,8,,Juridicum,,,,Rechtswissenschaftliche Fakultät,,,,,glass,Juridicum,,,,,,,,,
way,35324259,"POLYGON ((16.3628826 48.2016234, 16.3628464 48.2016208, 16.3624195 48.2011929, 16.3624043 48.2011777, 16.362366 48.2011393, 16.3623496 48.2011229, 16.3622354 48.2010076, 16.3623323 48.2009616, 16.3623583 48.2009493, 16.3624145 48.2009226, 16.3624367 48.2009117, 16.3625306 48.2008651, 16.3624256 48.2008161, 16.3623416 48.2007771, 16.3623103 48.2007624, 16.362296 48.2007558, 16.362256 48.2007354, 16.3622253 48.2007146, 16.3622158 48.2007062, 16.3621761 48.2006722, 16.3620345 48.2005504, 16.3619974 48.2005173, 16.3619782 48.200501, 16.3619339 48.2004635, 16.3619078 48.2004792, 16.3617843 48.2005507, 16.3616025 48.2003645, 16.3617406 48.200289, 16.3618906 48.2001905, 16.3622696 48.1999688, 16.3623648 48.1999131, 16.3627441 48.1997712, 16.3627975 48.19981, 16.3635218 48.2003365, 16.3643205 48.2008884, 16.3636895 48.2012094, 16.3636955 48.2012148, 16.3635916 48.2012667, 16.3634887 48.2013182, 16.3634855 48.2013154, 16.3628826 48.2016234))",Wien,9,1060,Getreidemarkt,university,,Campus Getreidemarkt,,,limited,AT,,,,yes,,,,Technische Universität Wien,,,,,,,,,,,,,,,,,,,,,,,,,,,,,,,,,"[414040494, 1764647694, 7205658860, 7205658858, 7205658857, 148414925, 148414910, 1764647677, 1764647675, 1375988003, 1764647665, 148414914, 1764647651, 1764647645, 1764647644, 148414959, 1764647635, 1764647636, 1375987950, 1375987941, 1375987854, 1375987801, 7205658862, 148414968, 1375987776, 148414930, 148414933, 413181596, 1764647520, 6961662698, 1764647478, 414040500, 3890555452, 2076003849, 414040503, 2076003855, 319116037, 6334213075, 319116036, 2076003856, 414040494]",,,,,,,,,,,,,,,,,,,,,,,campus,,,,,,,,
way,45277813,"POLYGON ((16.5234397 48.2092894, 16.5228278 48.2093032, 16.5226903 48.2100065, 16.5223259 48.2101302, 16.5223259 48.2103089, 16.5225356 48.2109114, 16.5234981 48.2121278, 16.5239966 48.2121163, 16.5234397 48.2092894))",,,,,university,,Versuchsgarten Essling,,,,,versuchsgarten.essling@boku.ac.at,,,,,,private,Boku - H87 Department für Bautechnik und Naturgefahren,,,,,,,,,,,,,,,,,,,,,,,,,,,,,,,,,"[575063334, 575063343, 575063353, 2190998610, 575063361, 575063377, 575063386, 575063433, 575063334]",,,,,,,,,,,,,,+43 1 7749889,http://www.baunat.boku.ac.at/iblb/service/versuchsgarten/,,,,,,,,,,,,,,,,
way,86611723,"POLYGON ((16.397074 48.2128524, 16.3972279 48.2129196, 16.3972594 48.2128876, 16.3972899 48.2129009, 16.3975635 48.2126227, 16.3971266 48.2124293, 16.3971343 48.2124214, 16.3969145 48.2123254, 16.3969009 48.2123393, 16.3966436 48.212227, 16.3965418 48.2123306, 16.39656 48.2123386, 16.3962713 48.2126323, 16.3962589 48.2126269, 16.3961253 48.2127627, 16.3964282 48.2128949, 16.3965743 48.2127464, 16.3965114 48.212719, 16.3965043 48.2127263, 16.3964203 48.2126896, 16.3966912 48.2124142, 16.3969237 48.2125157, 16.396949 48.21249, 16.3970773 48.212546, 16.3970512 48.2125725, 16.3972892 48.2126764, 16.3971644 48.2128034, 16.397135 48.2127905, 16.397074 48.2128524))",Wien,1,1020,Böcklinstraße,university,,Bildhaueratelier der Akademie der bildenden Künste,,,,AT,,,,,,,,,,,,,,,,,,,,,,,,,,,,,,,,,,,,,,,,,"[1007171260, 1007171360, 3353905088, 3353905089, 1007171226, 3353905079, 3353905078, 1007171287, 1007171473, 1007171177, 3353905076, 3353905077, 3353905083, 3353905082, 1007171370, 1007171418, 1007171299, 3353905084, 3353905085, 1007171446, 1007171331, 1007171373, 1007171244, 1007171272, 1007171458, 1007171203, 1007171257, 1007171454, 1007171260]",,,,,,yes,,,hipped,2,,,,,,,,,,,,,,,,,,,,,
way,98412708,"POLYGON ((16.4058884 48.2160504, 16.4062532 48.2160035, 16.4067886 48.2157234, 16.406466 48.2154365, 16.4069306 48.2151926, 16.4074086 48.2149417, 16.4084444 48.2143977, 16.4087973 48.214691, 16.4089824 48.2145931, 16.4091229 48.2145205, 16.4098879 48.2141148, 16.4103385 48.2138761, 16.4101564 48.2137307, 16.4098376 48.2134482, 16.4116877 48.2124577, 16.4117781 48.2124116, 16.4110406 48.2117475, 16.4107609 48.2115201, 16.410597 48.2114612, 16.4104463 48.2114317, 16.4103569 48.21142, 16.4102483 48.21142, 16.4101249 48.2114352, 16.4098071 48.2115041, 16.4094972 48.2115735, 16.4093269 48.211639, 16.4092384 48.2116935, 16.4091775 48.2117567, 16.4083936 48.2126306, 16.4076227 48.2130022, 16.4069197 48.2133763, 16.4059098 48.2139035, 16.4058011 48.2139623, 16.4057257 48.2140031, 16.4055151 48.2141169, 16.4054511 48.2141976, 16.4054364 48.2142306, 16.405427 48.2142896, 16.4054387 48.2143458, 16.4054672 48.2144094, 16.4055687 48.2144989, 16.4056053 48.2145312, 16.4056697 48.2145881, 16.4057386 48.2146463, 16.4057797 48.2146462, 16.4059272 48.2147722, 16.4059165 48.2149626, 16.4058937 48.2150617, 16.4058287 48.2151586, 16.4052573 48.2154794, 16.4058884 48.2160504))",Wien,1,1020,Welthandelsplatz,university,,Wirtschaftsuniversität Wien,Vienna University of Economics and Business,https://www.wu.ac.at/,yes,AT,,,,yes,,,,,,,Q278044,,,"Gebäude, Einrichtungen, Wege etc. unvollständig",,de:Wirtschaftsuniversität Wien,,,,,,,,,,,Universidad de Economía de Viena,,,,,,,,,,,,,,"[1138700372, 1602183221, 1138700373, 1138700375, 6066535085, 6066535018, 1138700376, 1138700377, 6066535005, 6066534999, 6066534998, 1138700379, 6066534989, 1138700380, 6066534988, 1138700381, 6066534763, 1138700382, 6066534761, 1602183104, 6066534760, 6066534759, 6066534758, 6066534757, 1602183262, 6066534756, 6066534755, 1602183188, 1602183236, 6066534701, 6066534729, 6066534728, 6066534704, 6066534705, 1602183222, 6066534730, 6066534732, 6066534731, 1602183154, 6066534733, 6066534721, 6066534718, 6066534727, 1602183182, 6066534726, 6066534725, 3241643634, 6066534724, 1138700384, 1650577256, 1138700372]",,,,,,,,,,,,,,,,Wirtschaftsuniversität Wien,,,,,,,,,,,,,,,
way,107368127,"POLYGON ((16.3352041 48.2370929, 16.3357037 48.2370889, 16.3356956 48.237523, 16.3362069 48.2375235, 16.3362048 48.2370971, 16.3376987 48.2370908, 16.3377746 48.2370904, 16.3377759 48.2370118, 16.337775 48.2360702, 16.3345664 48.236057, 16.3345676 48.2370113, 16.3345677 48.2370879, 16.3345643 48.2371459, 16.3345548 48.2378791, 16.3345547 48.2379566, 16.3346178 48.2379575, 16.3350525 48.2379576, 16.3350597 48.2375267, 16.3351944 48.2375261, 16.3352041 48.2370929))",,,,,university,,Universität für Bodenkultur / Türkenschanze,,,limited,,,,,,,,,,,,,,,,,,,,,,BOKU,,,,,,,,,,,,,,,,,,,,"[1234103608, 1234103606, 1123568029, 1123568033, 1234103601, 2494369305, 60739358, 2494369395, 60739330, 256765932, 2494369392, 60740464, 2494369412, 5273917615, 286807358, 2494369401, 1234103605, 1233913631, 1123568047, 1234103608]",,,,,,,,,,,,,,,,,,,,,,,,,,,,,,,
way,110014191,"POLYGON ((16.3524182 48.2184127, 16.3523369 48.2184185, 16.3523021 48.2182043, 16.3519217 48.2182317, 16.3519422 48.2183581, 16.3520363 48.2183513, 16.352053 48.2184541, 16.3520349 48.2184554, 16.3520469 48.218531, 16.3520572 48.2185956, 16.3520783 48.2185941, 16.3520946 48.2186976, 16.3519953 48.2187045, 16.3520145 48.2188258, 16.3523953 48.2187991, 16.3523833 48.2187226, 16.3524074 48.2187209, 16.3524016 48.2186842, 16.3523873 48.2186818, 16.3523714 48.2185838, 16.3524452 48.2185784, 16.3524347 48.2185263, 16.3524253 48.218458, 16.3524182 48.2184127))",Wien,4,1090,Spitalgasse,university,,Meduni Wien - Zentrum für Hirnforschung,,,,AT,,,wien.gv.at,,,,,Medizinische Universität Wien,yes,,,,,,,,,,,CBR - Center for Brain Research Vienna,Institut für Hirnforschung,,,,,,,,,,,,,,,,,,,,"[1257905392, 1257905378, 1257905374, 1257905404, 1257905390, 1257905362, 2154866803, 2154866804, 1596009706, 2154866806, 2154866805, 1257905385, 1257905359, 1257905407, 1257905361, 2154866810, 2154866809, 2154866807, 2154866808, 1257905353, 1257905381, 1257905368, 4268953051, 1257905392]",,,,,,yes,,,,,,,,,,,,,,,,,,CBR,,,,,,,
way,111542534,"POLYGON ((16.3827945 48.1585891, 16.383056 48.1597306, 16.3829474 48.1598022, 16.3826309 48.1599382, 16.3822232 48.16005, 16.3808312 48.159592, 16.3805509 48.1595508, 16.3807864 48.1594194, 16.3808539 48.1593817, 16.38087 48.1592583, 16.3808303 48.1591582, 16.380644 48.1587973, 16.3812352 48.158656, 16.3807252 48.1577875, 16.3811249 48.1577097, 16.3818839 48.1569528, 16.3821107 48.156889, 16.3822339 48.1571031, 16.3823205 48.1571478, 16.3824107 48.1573764, 16.38252 48.157649, 16.3825578 48.15775, 16.3826121 48.1579915, 16.3826437 48.158067, 16.3826258 48.1581301, 16.3827425 48.1584197, 16.3827945 48.1585891))",,,,,university,,FH Campus Wien,,https://www.fh-campuswien.ac.at/,yes,,,,,,,,,,,,Q1388304,,,,,,,,,,,,,,,,,,,,,,,,,,,,,,"[9663579700, 9663579819, 9663579843, 9663579842, 9663579868, 9663579840, 9663579839, 9663579816, 9663579818, 9663579817, 1546421333, 1546421332, 2426718042, 9663579790, 9663579791, 9663579792, 1159071075, 9663579793, 9663579794, 9663579702, 3563253397, 10141428447, 10141428446, 3563253414, 3563253418, 3563253430, 9663579700]",,,,,,,,,,,,,,,,,,,,,,,,,,,,,,,
way,115114243,"POLYGON ((16.3613949 48.1996975, 16.3615086 48.1998273, 16.3615211 48.1998407, 16.3615617 48.1998435, 16.3618906 48.2001905, 16.3622696 48.1999688, 16.3623648 48.1999131, 16.3627441 48.1997712, 16.362632 48.1996912, 16.3613949 48.1996975))",Wien,8,1060,Lehárgasse,university,,"Semperdepot, Atelierhaus der Akademie der Bildenden Künste",,,,AT,,,wien.at,,,,,,,,Q2269453,,,,,,,,,,,,,,,,,,,,,,,,,,,,,,"[1302015036, 1375987526, 1375987546, 1375987552, 1764647520, 6961662698, 1764647478, 414040500, 1302015033, 1302015036]",,,,,,apartments,,,,4,,,,,,,,,1,,,,,,,,,,,,
way,116761152,"POLYGON ((16.3637027 48.2161168, 16.364168 48.2163311, 16.3645982 48.2159163, 16.3641329 48.215702, 16.3640261 48.215805, 16.3638148 48.2160087, 16.3637027 48.2161168))",Wien,14-16,1090,Kolingasse,university,,Universität Wien Kolingasse,,https://rrm.univie.ac.at/services/projekte/kolingasse/,,AT,,,,,,,,Universität Wien,,,,,,,,,29,,,,,,,,,,,,,,,,,,,,,,,,"[1315494786, 1315494787, 1315494788, 1315494789, 8826078375, 8891919065, 1315494786]",,,,,,university,,,,6,,,,,,,,,,,,,,,,,,,,,
way,137998129,"POLYGON ((16.2423813 48.2184773, 16.2419686 48.2182433, 16.242121 48.2180794, 16.2422596 48.2179304, 16.2423657 48.2177936, 16.2426304 48.217567, 16.2428869 48.2173227, 16.2429558 48.2172585, 16.2422514 48.2166407, 16.2415696 48.2159284, 16.2414027 48.215913, 16.2376757 48.2173985, 16.2396347 48.2187613, 16.2408927 48.2193751, 16.2411965 48.2191659, 16.2416066 48.218929, 16.2416334 48.2189139, 16.2416507 48.2189042, 16.2419537 48.2187233, 16.2423813 48.2184773))",,,,,university,,"Forstlicher Versuchsgarten ""Knödelhütte""",,http://www.wabo.boku.ac.at/knoedelhuette.html,,,,,,,,fence,,,,"bitte keine Unikums-Name-Tags, es reicht, wenn das in der Description steht",,,,,,,,,,,,"Forstlicher Versuchsgarten und Baumschule ""Knödelhütte"" der Universität für Bodenkultur",,,,,,,,,,,,,,,,,,,"[1648331859, 1513062071, 3019508740, 3019508752, 3019495213, 1513062049, 3019495232, 1648331862, 287506387, 287506386, 1648331864, 1513062053, 1734246876, 256098556, 1648331856, 2992463323, 1734246856, 2992463317, 1648331861, 1648331859]",,,,,,,,,,,,,,,,,,,,,,,,,trees,plant_nursery,,,,,
way,139616797,"POLYGON ((16.3672751 48.2470821, 16.3672619 48.2470856, 16.3670346 48.2471454, 16.3666522 48.2472414, 16.3663191 48.2466673, 16.3657259 48.2468243, 16.3657001 48.2469208, 16.3658671 48.2471958, 16.3659938 48.2473798, 16.3660817 48.2474892, 16.3660468 48.2475013, 16.3662473 48.2477116, 16.3668924 48.2475526, 16.3673732 48.2474294, 16.3676135 48.2472891, 16.3688935 48.2470158, 16.3688325 48.2469512, 16.3683014 48.2463879, 16.368079 48.2464591, 16.3678882 48.2465202, 16.3678599 48.2465292, 16.3674574 48.2466581, 16.3673871 48.2466805, 16.3673338 48.2466975, 16.3672773 48.2467155, 16.3672706 48.2467243, 16.3674295 48.2469967, 16.3672751 48.2470821))",Wien,18,1190,Muthgasse,university,,Universität für Bodenkultur Wien – Standort Muthgasse,,https://boku.ac.at/,yes,AT,,,,,,,,,,,,,,,,,,,,,,,,,,,,,,,,,,,,,,,,,"[1530359778, 9241258311, 1530359847, 1530359775, 2675614281, 1530359858, 8228329397, 8228329396, 8228329395, 8249747843, 8228329394, 8228329393, 8228329392, 8228329391, 293184469, 293184470, 8228329398, 1328340066, 1328340097, 2166912239, 6206646488, 6206646072, 2166912247, 2166912254, 293184468, 8228329405, 8228329406, 1530359778]",,,,,,,,,,,,,,,,,,,,,,,,,,,,,,,
way,149740756,"POLYGON ((16.3688284 48.2528745, 16.3689706 48.2528602, 16.3689599 48.2528299, 16.3692534 48.2527727, 16.3692558 48.2528176, 16.3693276 48.2528064, 16.3693269 48.2527619, 16.3697136 48.2526888, 16.3697028 48.2526495, 16.3696786 48.2526509, 16.3696747 48.2526264, 16.3696273 48.2526317, 16.3687622 48.2527295, 16.3688284 48.2528745))",Wien,107,1190,Muthgasse,university,,Universität für Bodenkultur Wien – Standort Muthgasse 107,,,,AT,,,,,,,,,,,,,,,,,,,,"University of Natural Resources and Life Sciences, Vienna",,,,,,,,,,,,,,,,,,,,,"[1626973441, 1626973464, 1626973429, 1626973417, 1626973436, 1626973476, 1626973415, 1626973457, 1626973440, 1626973424, 1626973432, 1626973438, 316916167, 1626973441]",,,,,,yes,,,,4,,,,,,,,,0,,,,,,,,,,,,
way,156680365,"POLYGON ((16.4028949 48.2194283, 16.4028949 48.2194078, 16.4028949 48.2193383, 16.4029046 48.2193383, 16.4029046 48.219328, 16.4031188 48.219328, 16.4031209 48.2188764, 16.4034757 48.218877, 16.4034781 48.219429, 16.4028949 48.2194283))",Wien,22,1020,Wohlmutstraße,university,,Fachhochschule des BFI Wien,,,,AT,,,wien.gv.at,,,,,,,,Q1391261,,,,,de:Fachhochschule des BFI Wien,,,,,,,,,,,,,,,,,,,,,,,,,"[1689138302, 1689138286, 1689138272, 1689138274, 1689138264, 1689138270, 1689138197, 1689138199, 1689138304, 1689138302]",,,,,,yes,,,,,,,,,,,,,,,,,,,,,,,,,
way,173900547,"POLYGON ((16.2826935 48.2201253, 16.2827954 48.2198628, 16.2829825 48.2198951, 16.2830145 48.2198126, 16.283116 48.2198301, 16.2831143 48.2198345, 16.2832516 48.2198582, 16.2832546 48.2198507, 16.2833862 48.2198734, 16.2833849 48.2198765, 16.2833835 48.2198802, 16.2835218 48.219904, 16.2835232 48.2199003, 16.2836277 48.2199183, 16.2835887 48.2200187, 16.2835788 48.220017, 16.2835478 48.2200969, 16.2834517 48.2200804, 16.2834856 48.2199931, 16.2833571 48.2199709, 16.2833502 48.2199886, 16.2832069 48.2199639, 16.2832141 48.2199454, 16.2830863 48.2199233, 16.2830517 48.2200125, 16.2829633 48.2199973, 16.282972 48.2199748, 16.2828896 48.2199606, 16.2828456 48.2200738, 16.2829235 48.2200873, 16.2829335 48.2200615, 16.2830335 48.2200788, 16.2830315 48.2200839, 16.2831585 48.2201058, 16.2831751 48.2200629, 16.2833111 48.2200863, 16.283294 48.2201305, 16.2834227 48.2201527, 16.2834258 48.2201448, 16.2835244 48.2201618, 16.2834855 48.2202618, 16.2833877 48.2202449, 16.2833902 48.2202385, 16.282991 48.2201697, 16.2829885 48.2201761, 16.2826935 48.2201253))",Wien,1,1160,Savoyenstraße,university,,Forschungsinstitut für Wildtierkunde und Ökologie der Veterinärmedizinischen Universität Wien,,https://www.vetmeduni.ac.at/fiwi/,,AT,,,,,,,,,,,,,,,,,,,,,,,,,,,,,,,,,,,,,,,,,"[1846483451, 1846483389, 1846483393, 1846483384, 1846483385, 1846483386, 1846483388, 1846483387, 1846483390, 1846483391, 1846483392, 1846483395, 1846483394, 1846483396, 1846483412, 1846483410, 1846483445, 1846483438, 1846483405, 1846483401, 1846483404, 1846483400, 1846483398, 1846483397, 1846483408, 1846483406, 1846483402, 1846483399, 1846483436, 1846483441, 1846483433, 1846483437, 1846483439, 1846483447, 1846483434, 1846483440, 1846483453, 1846483469, 1846483456, 1846483471, 1846483477, 1846483476, 1846483475, 1846483472, 1846483473, 1846483451]",,,,,,yes,,,,,,,,,,,,,,,,,,,,,,,,,
way,173902615,"POLYGON ((16.2849032 48.2204364, 16.2848719 48.2204298, 16.2849164 48.2203326, 16.2848233 48.2203137, 16.2847791 48.2204102, 16.2847408 48.2204021, 16.2846962 48.2204958, 16.284534 48.2204613, 16.2845546 48.2204184, 16.2844526 48.2204224, 16.2844432 48.220442, 16.2842194 48.2203944, 16.2842403 48.2203719, 16.2839227 48.2202408, 16.2838708 48.2202966, 16.2839648 48.2203354, 16.2839757 48.2203236, 16.2840011 48.2203341, 16.2839902 48.2203459, 16.2840563 48.2203731, 16.2840474 48.2203827, 16.2841553 48.2204273, 16.2841365 48.2204665, 16.2846094 48.2205671, 16.2846229 48.2205389, 16.2846446 48.2205435, 16.2846394 48.2205544, 16.2847685 48.2205819, 16.2847737 48.220571, 16.2848168 48.2205801, 16.2848243 48.2205645, 16.2848406 48.2205679, 16.2849032 48.2204364))",Wien,1a,1160,Savoyenstraße,university,,Konrad-Lorenz-Institut für Vergleichende Verhaltensforschung der Veterinärmedizinischen Universität Wien,,http://www.vu-wien.ac.at/klivv/,,AT,,,,,,,,,,,,,,,,,,,,,,,,,,,,,,,,,,,,,,,,,"[1846503370, 1846503367, 1846503333, 1846503329, 1846503360, 1846503357, 1846503376, 1846503374, 1846503363, 1846503364, 1846503372, 1846503354, 1846503345, 1846503316, 1846503327, 1846503335, 1846503332, 1846503334, 1846503339, 1846503347, 1846503349, 1846503366, 1846503375, 1846503381, 1846503377, 1846503378, 1846503379, 1846503385, 1846503383, 1846503384, 1846503380, 1846503382, 1846503370]",,,,,,yes,,,,,,,,,,,,,,,,,,,,,,,,,
way,176477793,"POLYGON ((16.3845125 48.2085284, 16.385052 48.2083722, 16.3856446 48.2083208, 16.3855775 48.2079553, 16.3853128 48.2079754, 16.385268 48.2079794, 16.3852594 48.2079649, 16.3851265 48.2080069, 16.3851247 48.208012, 16.384475 48.2082343, 16.3844661 48.208234, 16.384338 48.208279, 16.3843752 48.2083295, 16.3843635 48.2083426, 16.3844544 48.2084745, 16.384475 48.2084769, 16.3845125 48.2085284))",Wien,7,1030,Vordere Zollamtsstraße,university,,Universität für angewandte Kunst in Wien,,https://www.dieangewandte.at/,limited,AT,,+43 1 711 33 - 0,,,,,,,,,,,,,,,,,,,,,,,,,,,,,,,,,,,,,,,"[1869955879, 1869955876, 1869955872, 1869955850, 3966734942, 1869955854, 1869955851, 1869955856, 1869955857, 1869955865, 1869955864, 1869955870, 1869955873, 1869955875, 1869955877, 1869955878, 1869955879]",,,,,,,,,,,,,,,,,,,,,,,,,,,,,,,
way,183167453,"POLYGON ((16.3623293 48.1872799, 16.362486 48.1873722, 16.3623866 48.1874656, 16.362423 48.1874864, 16.3625201 48.1874039, 16.3625729 48.1874341, 16.3625772 48.1874309, 16.3626674 48.1874868, 16.3625278 48.1876105, 16.3625476 48.1876204, 16.3625239 48.1876391, 16.3624844 48.187619, 16.3624122 48.1875736, 16.3623684 48.1875481, 16.3623028 48.1875117, 16.3622575 48.1874845, 16.3622943 48.1874537, 16.3622821 48.1874473, 16.3622466 48.1874787, 16.3621661 48.1874369, 16.362247 48.1873591, 16.3623293 48.1872799))",Wien,18,1050,Nikolsdorfer Gasse,university,,Institut für Hochenergiephysik,,http://www.hephy.at/,,AT,sekretariat@hephy.at,+43 1 5447328 0,,,,,,Österreichische Akademie der Wissenschaften,,,Q1563524,,,,,de:HEPHY,,,,,,,HEPHY,,,,,,,,,,,,,,,,,,"[1935296301, 1935296303, 1935296319, 1935296322, 1935296304, 1935296308, 1935296306, 1935296323, 3153943181, 3153943182, 1935296370, 1935296367, 1935296347, 1935296344, 1935296324, 1935296321, 1935296318, 1935296317, 1935296320, 3153942948, 3153942865, 1935296301]",,,,,,university,,,,,,,,,,,,,,,,,,,,,,,,,
way,185497455,"POLYGON ((16.4264471 48.2906158, 16.4276729 48.2903932, 16.4278401 48.2906775, 16.4284414 48.2905174, 16.4285387 48.2906726, 16.4294063 48.2904402, 16.4293667 48.2902808, 16.4296925 48.290172, 16.429308 48.2887828, 16.4287396 48.2874621, 16.4289664 48.2874427, 16.4291924 48.2874195, 16.4292594 48.2874142, 16.4294562 48.2868246, 16.4294633 48.2867186, 16.4295497 48.2864568, 16.429456 48.2863423, 16.4272805 48.2858745, 16.4271629 48.2858654, 16.4271055 48.2858891, 16.42645 48.2857462, 16.42621 48.2862289, 16.426575 48.2876646, 16.4258537 48.2877327, 16.4256115 48.2882994, 16.4259936 48.2892456, 16.4264471 48.2906158))",,,,,university,,Versuchszentrum Jedlersdorf der Universität für Bodenkultur,,,,,,,,,,,,,,,,,,,,,,,,,,,,,,,,,,,,,,,,,,,,,"[1513047196, 1513047202, 1513047199, 1960955508, 1960955511, 1960955504, 1960955518, 1513047212, 1513047218, 1513047204, 342257503, 8750775600, 226031811, 226031815, 1513047221, 4165743117, 4165743116, 4165743114, 4165743115, 4165743113, 4165743112, 1960955507, 1960955516, 1513047205, 1513047201, 4165743111, 1513047196]",,,,,,,,,,,,,,,,,,,,,,,,,,,,,,,
way,186044203,"POLYGON ((16.2659993 48.1844021, 16.2660559 48.1845134, 16.2667739 48.184351, 16.2667563 48.1843164, 16.2667411 48.1842862, 16.2667175 48.1842397, 16.2659993 48.1844021))",Wien,1,1130,Angermayergasse,university,,Hochschule für Agrar- und Umweltpädagogik,,http://www.agrarumweltpaedagogik.ac.at/,,AT,,,,,,,,,,,Q2524874,,,,,de:Villa Blum,,,,,,,Villa blum,,,,,,,,,,,,,,,,,,"[1967404272, 1967404274, 1967404276, 2058255027, 2058255060, 1967404270, 1967404272]",,,,,,mansion,,,,,,,,,,,,,,,,,,,,,,,,,
way,187761669,"POLYGON ((16.3578764 48.2490194, 16.3579022 48.2487247, 16.3578844 48.2487049, 16.3578397 48.248547, 16.3577207 48.2484089, 16.3575292 48.2482682, 16.3570863 48.2482439, 16.3563226 48.2482326, 16.356 48.248226, 16.3558476 48.2482221, 16.355629 48.2482165, 16.3555544 48.2482133, 16.3555425 48.2482128, 16.3554611 48.2482106, 16.3553362 48.2482093, 16.3552766 48.2485463, 16.3552471 48.2487127, 16.3552309 48.2488045, 16.3552113 48.2490483, 16.3555346 48.2490405, 16.3555938 48.2490415, 16.3555948 48.2490168, 16.3556459 48.2490177, 16.3575296 48.2490191, 16.3576054 48.2490192, 16.3578764 48.2490194))",,,,,university,,Zentralanstalt für Meteorologie und Geodynamik,,,,,,,,,,,,,,,,,,,,,,,,,,,,,,,,,,,,,,,,,,,,,"[1983985398, 1983985276, 1983985269, 1983985248, 1983985212, 1983985190, 2167368124, 1983985189, 4749172867, 1983985187, 1983985185, 4749172868, 1983985183, 4749172869, 4749172870, 6733147172, 2472336440, 1983985301, 1983985403, 1983985401, 1983985402, 1983985395, 1983985397, 2168600077, 2168600078, 1983985398]",,,,,,,,,,,,,,,,,,,,,,,,,,,http://www.zamg.ac.at/,,,,
way,197362016,"POLYGON ((16.3710513 48.1967544, 16.3709006 48.1966988, 16.3708397 48.1967708, 16.3706958 48.1967197, 16.3707338 48.1966729, 16.3706919 48.1966571, 16.370715 48.1966309, 16.3705805 48.1965808, 16.3705652 48.1965998, 16.3705501 48.1965944, 16.3705418 48.1966039, 16.3704799 48.1965823, 16.3704398 48.1966299, 16.3703951 48.1966116, 16.3705255 48.1964501, 16.3702667 48.1963541, 16.3702516 48.1963725, 16.3700965 48.1965586, 16.3701017 48.1965613, 16.3700465 48.1966281, 16.3701631 48.19667, 16.3701698 48.1966647, 16.3703862 48.1967421, 16.3703769 48.1967541, 16.3704907 48.1967951, 16.370601 48.1968349, 16.3706103 48.1968237, 16.3708243 48.1969005, 16.3708197 48.1969071, 16.3708814 48.1969291, 16.3709398 48.19695, 16.3709459 48.1969451, 16.3710017 48.1969644, 16.3710648 48.1968548, 16.3709942 48.1968278, 16.3710513 48.1967544))",Wien,25,1040,Gußhausstraße,university,,"TU Wien, Campus Gußhaus, Altes EI",,,limited,AT,,,,yes,,,,,,,Q38103297,,,,,,,,1903,,,,Altes Elektrotechnisches Institut,,,,,2,bda,761,,,,,,,,,,,"[1367369574, 2076122854, 1367369575, 497970397, 1367369561, 1367369560, 1367369559, 497970403, 1367369557, 1367369549, 1367369558, 1367369547, 497970405, 276172404, 2076122853, 276172398, 2076122852, 2150236051, 2150236053, 276172399, 1943143319, 1943143318, 1367369564, 1367369566, 1954890460, 1367369579, 1367369577, 1367369581, 1367369583, 2076122855, 1943143367, 1943143364, 276172400, 1367369580, 1367369578, 1367369574]",,,,,,yes,,,,,CF,,,,,,,,,,,,,,,,,Altes EI,1900..1903,,
way,197362017,"POLYGON ((16.3710513 48.1967544, 16.3711096 48.1967755, 16.3711371 48.1967299, 16.3711561 48.1966994, 16.3711094 48.1966875, 16.3712347 48.19653, 16.3710804 48.1964749, 16.3709964 48.1965812, 16.3709371 48.1966531, 16.3709181 48.1966761, 16.3709037 48.1966709, 16.3708842 48.1966937, 16.3709006 48.1966988, 16.3710513 48.1967544))",Wien,25,1040,Gußhausstraße,university,,"TU Wien, Campus Gußhaus, Altes EI",,,limited,AT,,,,,,,,,,,,,,,,,,,,,,,Altes Elektrotechnisches Institut,,,,,,,,,,,,,,,,,,"[1367369574, 1367369576, 1377669602, 1367369563, 1367369562, 1367369546, 1367369545, 276172402, 7553714181, 2150236070, 2150236069, 2150236072, 2076122854, 1367369574]",,,,,,yes,,,,,CG,,,,,,,,,,,,,,,,,Altes EI,,,
way,198930773,"POLYGON ((16.3577618 48.2185784, 16.3579852 48.2183401, 16.3578663 48.218295, 16.3578378 48.2182842, 16.3576165 48.2185268, 16.3577618 48.2185784))",,,,,university,,Institut für Theoretische Chemie,,,,,,,wien.gv.at,,,,,,,,,,,,,,,,,,,,,,,,,,,,,,,,,,,,,,"[2090011085, 2090011055, 2090011024, 2090011022, 2090011084, 2090011085]",,,,,,yes,,,,,,,,,,,,,,,,,,,,,,,,,
way,200854034,"POLYGON ((16.4008177 48.188657, 16.4008779 48.1886193, 16.4010999 48.1884263, 16.4010868 48.1884199, 16.4015483 48.1880285, 16.401239 48.1878658, 16.400445 48.1885477, 16.4006462 48.1886516, 16.4007209 48.1886707, 16.4007225 48.188693, 16.4007583 48.188711, 16.4008177 48.188657))",Wien,9,1030,Dr.-Bohr-Gasse,university,,Max Perutz Labs,,https://www.maxperutzlabs.ac.at/,,AT,,,,,,,,Universität Wien und Medizinische Universität Wien,,,,,,,,,,,,,MFPL,,,,,,,,,,,,,,,,,,,,"[2108053108, 2108053101, 2108053084, 2108053083, 2108053070, 2108053065, 2108053091, 2108053107, 2108053110, 2108053114, 2108053125, 2108053108]",,,,,,yes,,,,,,,,,,,,,,,,,,,,,,,,,
way,337971598,"POLYGON ((16.4056443 48.2150786, 16.4051155 48.2153501, 16.4050216 48.2152825, 16.404934 48.2152194, 16.4053019 48.2149833, 16.4056443 48.2150786))",Wien,1,1020,Freudplatz,university,,Sigmund Freud Privatuniversität,,https://sfu.ac.at/,limited,AT,,,Stadt Wien - data.wien.gv.at,no,,,,,,,Q2157899,,,,,de:Sigmund Freud Privatuniversität Wien,,,,,,,,,,,,,,,,,,,,,,,,,"[3393290536, 3393290534, 6060487762, 3393290532, 3393290531, 3393290536]",,,,,,university,,,quadruple_saltbox,5,,,,,,,,,2,,,,,,,,,,,,
way,403134856,"POLYGON ((16.3492033 48.2330946, 16.3493565 48.2338167, 16.3479416 48.2339148, 16.3475326 48.2333067, 16.3481946 48.2332141, 16.3492033 48.2330946))",,,,,university,,,,,,,,,,,,,,,,,,,,,,,,,,,,,,,,,,,,,,,,,,,,,,,"[60736053, 60736052, 3930023726, 60736035, 3135605514, 60736053]",,,,,,,,,,,,,,,,,,,,,,,,,,,,,,,
way,482503061,"POLYGON ((16.4042772 48.215836, 16.4041665 48.2157401, 16.4042046 48.2157206, 16.4039099 48.2154654, 16.404474 48.2151761, 16.4048478 48.2154996, 16.4044282 48.2157148, 16.4044599 48.2157423, 16.4042772 48.215836))",,,,,university,,Sigmund Freud Privatuniversität,,,,,,,,,,,,,,,,,,,,,,,,,,,,,,,,,,,,,,,,,,,,,"[4753218529, 6718079498, 6718079499, 4753218532, 4753218533, 6718079496, 4753218534, 6718079497, 4753218529]",,,,,,university,,,,7,,,,,,,,,0,,,,,,,,,,,,
way,839363600,"POLYGON ((16.3574855 48.2184733, 16.3575123 48.2184403, 16.357576 48.2183951, 16.357584 48.2183974, 16.357637 48.218333, 16.3576276 48.2183286, 16.3576437 48.2182723, 16.3576767 48.2182309, 16.3575009 48.2181664, 16.3574741 48.218203, 16.3574546 48.2181968, 16.3574372 48.2182195, 16.3574546 48.2182262, 16.3574466 48.2182374, 16.357409 48.2182236, 16.3573929 48.2182446, 16.3573621 48.2182343, 16.3572424 48.2183846, 16.3574855 48.2184733))",Wien,17,1090,Währinger Straße,university,,Vienna Environmental Research Accelerator,,https://isotopenphysik.univie.ac.at/,,,,,,,,,,"Faculty of Physics - Isotope Physics, University of Vienna",,,Q121588,,,,,en:Vienna Environmental Research Accelerator,,,,,VERA,,,,,,,,,,,,,,,,public,,,,"[7832724286, 7832724287, 7832724288, 7832724289, 7832724290, 7832724291, 7832724292, 7832724293, 7832724294, 7832724295, 7832724296, 7832724297, 7832724298, 7832724299, 7832724300, 7832724301, 7832724302, 2090011067, 7832724286]",,,,,,yes,,,,2,,,,,,,,,,,,,,,,,,,,,
way,892632657,"POLYGON ((16.3823669 48.1971696, 16.3823593 48.1970685, 16.3823561 48.197025, 16.3823545 48.1969867, 16.382354 48.1969757, 16.3821444 48.1969829, 16.3820339 48.1969886, 16.382033 48.1969721, 16.3820283 48.1969083, 16.3820251 48.196893, 16.382017 48.1967807, 16.3820028 48.1967816, 16.3820018 48.1967547, 16.3818788 48.1967587, 16.3817833 48.1967598, 16.3816831 48.1967625, 16.381691 48.196934, 16.381697 48.1970067, 16.3816986 48.1970442, 16.3816989 48.1970489, 16.3817038 48.1971489, 16.3817058 48.1971901, 16.3817557 48.197188, 16.381903 48.1971819, 16.3820108 48.1971774, 16.3820108 48.1971824, 16.3820472 48.197181, 16.3823669 48.1971696))",Wien,8,1030,Metternichgasse,university,,Universität für Musik und darstellende Kunst Wien,,,,AT,,,,,,,,,,,,,,,,,,,,,,,,,,,,,,,,,,,,,,,,,"[8296352420, 8296344109, 1932222231, 8296344110, 1932222202, 1932222203, 1932222205, 1932222198, 1932222178, 1932222175, 1932222129, 1932222130, 8296352419, 1932222122, 1932222123, 1932222124, 1932222189, 1932222220, 1932222245, 1932222248, 1932222278, 1932222284, 1932222283, 1932222281, 1932222279, 1932222282, 1932222280, 8296352420]",,,,,,,,,,,,,,,,,,,,,,,,,,,,,,,
way,894063106,"POLYGON ((16.3876538 48.1740499, 16.3873703 48.1734409, 16.3873054 48.1733066, 16.3870609 48.1727723, 16.3875291 48.1726849, 16.3876727 48.1726583, 16.3879949 48.1725977, 16.3880633 48.1727424, 16.3882537 48.1731516, 16.3883125 48.1732822, 16.3885971 48.1738862, 16.3881576 48.1739625, 16.3880842 48.1739752, 16.3880822 48.1739756, 16.3876538 48.1740499))",Wien,51,1100,Quellenstraße,university,,Central European University,,https://www.ceu.edu/content/ceu-vienna,,,,,,,,,,,,,Q757391,,,,,en:Central European University,,,,,,,,,,,,,,,,,,,,,,,,,"[1830799874, 1830799862, 1830799864, 1830799869, 3851476498, 3851476497, 3851476496, 1830799871, 1830799879, 1830799866, 1830799876, 8804997423, 8892418230, 8892418229, 1830799874]",,,,,,,,,,,,,,,,,,,,,,,,,,,,,,,
way,1052649543,"POLYGON ((16.3724573 48.1645825, 16.3726953 48.1650067, 16.3727176 48.165045, 16.3727559 48.1651221, 16.3728194 48.1652281, 16.3728619 48.165307, 16.3729444 48.165458, 16.3729718 48.1655081, 16.3730348 48.1656204, 16.3731746 48.1658726, 16.3737529 48.1669021, 16.3737735 48.1669393, 16.3739837 48.1673175, 16.3740039 48.1673571, 16.3740398 48.1674238, 16.3743941 48.1673334, 16.3751029 48.1671496, 16.3761135 48.1668877, 16.3761304 48.1668833, 16.3760664 48.1667671, 16.3756667 48.1660974, 16.3752601 48.1653981, 16.3743985 48.1641707, 16.374312 48.1641448, 16.3739439 48.1642441, 16.3736898 48.1643116, 16.3733089 48.1644137, 16.3730573 48.1644763, 16.3727301 48.164539, 16.3724573 48.1645825))",Wien,18,1100,Grenzackerstraße,university,,Pädagogische Hochschule Wien,,https://phwien.ac.at/,,AT,,,,,,,,,,,,,,,,,,,,,,,,,,,,,,,,,,,,,,,,,"[3557729654, 9673941279, 3557729677, 3557729679, 3557729692, 3557729693, 3557729706, 3775323345, 3557677278, 3557677287, 3557689041, 3557689044, 3557689050, 428839655, 3557689053, 3557689051, 3557689046, 3557689039, 3557689038, 3557689028, 3557677289, 3557677265, 9673941278, 9673941277, 9673941276, 9673941275, 3557729640, 3557729643, 3557729649, 3557729654]",,,,,,,,,,,,,,,,,,,,,,,,,,,,,,,
relation,65155,"POLYGON ((16.3649108 48.2017512, 16.3651515 48.201698, 16.3652778 48.2016701, 16.3654027 48.2016424, 16.3656347 48.2015911, 16.365643 48.2016079, 16.3658559 48.2015608, 16.3657998 48.2014481, 16.3657822 48.201452, 16.3657182 48.2013234, 16.3657079 48.2013027, 16.3656977 48.2012821, 16.3656299 48.201146, 16.3656454 48.2011426, 16.3655898 48.2010308, 16.3653704 48.2010793, 16.3653803 48.2010992, 16.364673 48.2012556, 16.3646638 48.2012371, 16.3644463 48.2012851, 16.364502 48.2013972, 16.3645206 48.2013931, 16.3646262 48.2016053, 16.3646777 48.2017087, 16.3646665 48.2017112, 16.3647168 48.2018123, 16.364919 48.2017676, 16.3649108 48.2017512), (16.3649792 48.2013257, 16.3651039 48.2015773, 16.3648985 48.2016225, 16.3647738 48.2013709, 16.3649792 48.2013257), (16.365199 48.2012759, 16.3654015 48.2012302, 16.3655289 48.2014808, 16.3653264 48.2015265, 16.365199 48.2012759))",Wien,3,1010,Schillerplatz,university,,Akademie der bildenden Künste,Academy of Fine Arts,,,AT,,,,,,,,,,,Q414219,,,,,,30.5,,,,,,,,,,,,,,,,,,,,,,,,"[[[278482100, 1515484807, 1515484796, 2173166882, 3520224256, 2173166878, 1515484791, 1515484793, 278482103, 1515484786, 1515484789, 2173166874, 2173166873, 2173166871, 1515484766, 1515484765, 278482102, 1515484762, 1515484764, 1515484768, 1515484767, 278482101, 1515484783, 1515484779, 3520224261, 1515484794, 1515484795, 278482100], [329332984, 329333006, 329332999, 329332991, 329332984], [329333029, 329333016, 329333012, 329333023, 329333029]]]",,,,,,yes,,,,,,,,,,,,,,,,,,,,,,,,"[25550390, 29882520, 29882522]",multipolygon
relation,132513,"MULTIPOLYGON (((16.3577583 48.2178786, 16.35763 48.2180131, 16.3577564 48.2180584, 16.3577948 48.2180229, 16.3579351 48.2180811, 16.3579072 48.2181125, 16.3579842 48.2181401, 16.3581313 48.2181928, 16.3581512 48.2181708, 16.3582512 48.2180742, 16.3585807 48.2177232, 16.3590142 48.2172615, 16.3590079 48.2172451, 16.358893 48.2172065, 16.3589001 48.217197, 16.3583843 48.2170164, 16.3579371 48.2168598, 16.3578581 48.2169722, 16.3578084 48.2170428, 16.3578551 48.2170608, 16.3578701 48.2170413, 16.3578847 48.2170223, 16.3578997 48.2170278, 16.3579173 48.2170046, 16.3581789 48.2170959, 16.358201 48.2170712, 16.3583118 48.2171104, 16.3586863 48.2172429, 16.3586783 48.2172517, 16.3586871 48.2172658, 16.3587091 48.2172738, 16.3587277 48.2172805, 16.3587463 48.2172752, 16.3588071 48.2172946, 16.3587727 48.2173299, 16.3587366 48.217334, 16.3586421 48.2174392, 16.3582848 48.2172911, 16.35826 48.2173187, 16.3582456 48.2173113, 16.3582194 48.2173379, 16.3582355 48.2173459, 16.3582107 48.2173734, 16.3584489 48.2174733, 16.3583995 48.2175245, 16.3583298 48.2175133, 16.3582733 48.2175251, 16.3582412 48.2175398, 16.3582209 48.2175527, 16.3582059 48.2175486, 16.3581856 48.217558, 16.3581847 48.217578, 16.3581971 48.2175856, 16.3581821 48.2176074, 16.3581803 48.2176332, 16.3581892 48.217665, 16.3582086 48.2176879, 16.3582306 48.217705, 16.358183 48.2177573, 16.3579465 48.2176579, 16.3579197 48.2176852, 16.3579003 48.2176778, 16.3578738 48.2177054, 16.3578921 48.2177133, 16.3578662 48.2177397, 16.3582187 48.2178882, 16.3580964 48.2180187, 16.3580297 48.217993, 16.358044 48.2179788, 16.3578506 48.2178978, 16.3578357 48.2179106, 16.3577583 48.2178786)), ((16.3577879 48.217072, 16.3577686 48.2170994, 16.3577535 48.217121, 16.3575963 48.2173446, 16.3575919 48.2173518, 16.3576637 48.2173797, 16.357547 48.2175011, 16.3574997 48.2174828, 16.3574391 48.2175704, 16.3576879 48.2176725, 16.3577454 48.2176105, 16.357732 48.217605, 16.3577487 48.217587, 16.3576527 48.2175475, 16.357746 48.2174468, 16.3577863 48.2174634, 16.3577775 48.2174729, 16.3579027 48.2175244, 16.3579278 48.2174973, 16.3579679 48.2175006, 16.3579988 48.2174888, 16.3580133 48.2174665, 16.358005 48.2174471, 16.3579876 48.2174328, 16.3580134 48.217405, 16.3578882 48.2173535, 16.3578834 48.2173586, 16.357848 48.217344, 16.3579322 48.2172531, 16.3580368 48.2172961, 16.3581154 48.2172113, 16.3577879 48.217072)))",,,,,university,yes,Zentrum für Physiologie und Pharmakologie,,https://www.meduniwien.ac.at/web/,,,,,,,,,,Medizinische Universität Wien,,,Q37760137,,,,,en:Medical University of Vienna,,,,,,,,,,,,,,,,,,,,eduroam,,,,,"[[[2090010685, 2090010698, 2090010727, 2090010703, 2090010742, 2090010747, 2090010746, 2090010755, 2090010756, 2090010763, 2090010772, 2090010776, 2090010780, 2090010778, 2090010788, 2090010773, 2090010771, 2090010760, 2090010794, 2090010805, 2090010808, 2090010811, 2090010829, 2090010801, 2090010775, 2090010782, 2090010750, 2090010745, 2090010743, 2090010693, 2090010690, 2090010685], [2090010908, 2090010920, 2090010916, 2090010933, 2090010934, 2090010936, 2090010910, 2090010871, 2090010865, 2090010862, 2090010834, 2090010842, 2090010822, 2090010876, 2090010861, 2090010844, 2090010825, 2090010816, 2090010810, 2090010804, 2090010802, 2090010798, 2090010795, 2090010797, 2090010793, 2090010792, 2090010784, 2090010790, 2090010774, 2090010749, 2090010744, 2090010741, 2090010729, 2090010733, 2090010722, 2090010758, 2090010740, 2090010737, 2090010725, 2090010716, 2090010718, 5473247875, 2090010707, 2090010701, 2090010699, 6535374116, 2090010684, 2090010689, 2090010671, 2090010675, 2090010673, 4492358567, 2090010680, 2090010678, 2090010663, 1834434417, 6535374115, 393206143, 1834434424, 2090010700, 2090010705, 2090010448, 1411212607, 2090010452, 1411212606, 2090010973, 2090010967, 2090010946, 2090010938, 2090010943, 393206142, 2090010908]]]",,,,,,university,,,,5,,,,,,,,,0,,,,,,,,,,,"[198930789, 34293209]",multipolygon
relation,415276,"POLYGON ((16.3608618 48.2166022, 16.3611459 48.2167307, 16.3614051 48.2164763, 16.3611152 48.2163452, 16.3612041 48.2162579, 16.3610891 48.2162059, 16.3610816 48.2162133, 16.3608447 48.2161061, 16.3608527 48.2160982, 16.3607392 48.2160469, 16.3606918 48.2160934, 16.3606641 48.2160809, 16.3605164 48.2162259, 16.3605048 48.2162207, 16.360462 48.2162627, 16.3604741 48.2162682, 16.3603259 48.2164137, 16.3603584 48.2164284, 16.3603098 48.2164761, 16.3607756 48.2166868, 16.3608618 48.2166022), (16.360746 48.2165498, 16.3605111 48.2164461, 16.3605808 48.216376, 16.3608157 48.2164797, 16.360746 48.2165498), (16.3610013 48.2162918, 16.3609318 48.2163588, 16.3607036 48.2162538, 16.3607731 48.2161867, 16.3610013 48.2162918), (16.3610358 48.2164315, 16.3611575 48.2164855, 16.3610698 48.2165733, 16.3609481 48.2165193, 16.3610358 48.2164315))",Wien,10,1090,Währinger Straße,university,yes,Institut für Medizinische Chemie,,https://www.meduniwien.ac.at/web/,,AT,,,,,,,,Medizinische Universität Wien,,,Q700731,,,,,en:Medical University of Vienna,19,,,,,,,,,,,,,,,,,,,eduroam,,,,,"[[[649450714, 649450725, 649450766, 649450772, 649450714], [649450742, 649450745, 649450758, 649450763, 649450742], [649450801, 649450797, 649450777, 649450794, 649450801], [649450752, 2070476851, 2070476816, 2070476814, 2070476807, 2070476808, 2070476789, 649450732, 2070476785, 2070476790, 2070476792, 2070476806, 2070476805, 649450737, 649450807, 649450820, 649450816, 649450803, 649450811, 2070476859, 649450752]]]",,,,,,university,#A2A0A0,,hipped,2,,,,,,,,,,,brick,,,,,,,,,"[50930762, 50930764, 50930765, 50930763]",multipolygon
relation,1332299,"POLYGON ((16.3800775 48.2949696, 16.3802443 48.2947204, 16.3804563 48.2947832, 16.380304 48.2950109, 16.3805135 48.295073, 16.3806817 48.2948217, 16.3807138 48.2948313, 16.3806739 48.2948909, 16.3812749 48.2950814, 16.381309 48.2950347, 16.3813137 48.2950385, 16.3813131 48.295048, 16.3813171 48.2950561, 16.3813264 48.2950594, 16.3813365 48.2950594, 16.3813482 48.2950516, 16.3813553 48.2950505, 16.3811929 48.2952819, 16.3816222 48.2954215, 16.3822359 48.2945647, 16.3817615 48.2944242, 16.3816485 48.294593, 16.3813495 48.2945044, 16.3809996 48.2944008, 16.381119 48.2942224, 16.3808927 48.2941554, 16.3807289 48.2944002, 16.3805311 48.2943416, 16.3805952 48.2942459, 16.3800546 48.2940858, 16.3801547 48.2939362, 16.3799606 48.2938787, 16.3798027 48.2941147, 16.379681 48.2940786, 16.3794567 48.2944138, 16.37955 48.2944414, 16.3793832 48.2946908, 16.3796874 48.2947809, 16.3796465 48.294842, 16.3800775 48.2949696), (16.3798693 48.2941931, 16.3801601 48.294281, 16.379943 48.2945989, 16.3796522 48.294511, 16.3798693 48.2941931), (16.3801494 48.2946533, 16.3803664 48.2943418, 16.380477 48.2943759, 16.3802599 48.2946874, 16.3801494 48.2946533), (16.380763 48.2945212, 16.3805999 48.2947462, 16.3805204 48.2947207, 16.3806835 48.2944956, 16.380763 48.2945212), (16.3809464 48.2945671, 16.3815099 48.2947448, 16.381341 48.2949819, 16.3807775 48.2948043, 16.3809464 48.2945671))",Wien,1,1210,Mayerweckstraße,university,,Kirchliche Pädagogische Hochschule Wien,,https://kphvie.ac.at/,,,,,,,,,,,,,,,,,,,,,,,,,,,,,,,,,,,,,,,,,,,"[[[1052211453, 1052211400, 1052211439, 1052211316, 1052211453], [1052211425, 1052211338, 1052211398, 1052211437, 1052211425], [1052211432, 1052211349, 1052211409, 1052211455, 1052211432], [1052211442, 1052211418, 1052211353, 1052211411, 1052211442], [945175319, 945175321, 945175322, 945175323, 945175324, 945175325, 945175326, 945175327, 945175333, 945175335, 945175337, 945175339, 4756447387, 4756447380, 4756447381, 4756447382, 4756447384, 4756447385, 4756447386, 4756447383, 945175340, 945175341, 945175342, 945175346, 945175348, 945175350, 2026730280, 945175352, 945175354, 945175355, 1052211314, 1052211386, 945175356, 945175357, 945175363, 945175365, 945175368, 945175369, 945175370, 945175319]]]",,,,,,yes,,,,,,,,,,,,,,,,,,,,,,,,"[90663773, 90663778, 90663781, 90663785, 81101998]",multipolygon
relation,1529002,"POLYGON ((16.3672985 48.2191374, 16.367231 48.2191112, 16.3673209 48.2190294, 16.3665919 48.2186907, 16.3664821 48.2187895, 16.366417 48.2187598, 16.3663417 48.2188487, 16.3662684 48.2189352, 16.36634 48.2189593, 16.3662579 48.2190774, 16.367065 48.2193316, 16.3671288 48.2192393, 16.3671836 48.21926, 16.3676331 48.2194295, 16.3677331 48.2193062, 16.3672985 48.2191374), (16.3665613 48.2188305, 16.3670238 48.2190492, 16.3669466 48.2191476, 16.3664274 48.2189852, 16.3665613 48.2188305))",Wien,1,1090,Oskar-Morgenstern-Platz,university,,Universität Wien Rossau,,https://rossau.univie.ac.at/,yes,AT,,,,,,,,,,,,,,,,,,,,,,,,,,,,,,,,,,,,,,,,,"[[[1234107778, 1234107793, 1234107783, 1234107779, 1234107778], [1234107789, 2703273580, 1234107790, 1234107791, 1234107787, 1234107784, 1234107781, 2703273575, 1234107782, 1234107792, 1234107780, 1234107788, 1234107786, 2703273584, 1234107785, 1234107789]]]",,,,,,university,,,flat,13,,,,,,,,,,,,,,,,,,,,"[107368719, 107368720]",multipolygon
relation,2643605,"POLYGON ((16.3602618 48.2168592, 16.3600957 48.2170399, 16.3601866 48.2170695, 16.3602419 48.2170876, 16.3603075 48.2171089, 16.3603588 48.2171256, 16.360444 48.2171534, 16.3605298 48.2170608, 16.3606284 48.2169545, 16.3606507 48.2169304, 16.3607213 48.2168543, 16.3603685 48.2167438, 16.3602618 48.2168592), (16.3603604 48.2168817, 16.3605173 48.2169486, 16.3603905 48.2170895, 16.36023 48.2170245, 16.3603604 48.2168817))",,,,,university,,Afro Asiatisches Institut,,http://www.aai-wien.at/,,,,,,,,,,,,,Q387944,,,,,de:Afro-Asiatisches Institut,,,,,,,,,,,,,,,,,,,,,,,,,"[[[2070476875, 2070476880, 2070476888, 2070476892, 2070476904, 2070476923, 2070476916, 2070476911, 2070476906, 2070476905, 2070476902, 2070476882, 2070476875], [2070476901, 2070476908, 2070476890, 2070476885, 2070476901]]]",,,,,,yes,,,,,,,,,,,,,,,,,,,,,,,,"[196755224, 196755229]",multipolygon
relation,2650012,"POLYGON ((16.370034 48.1958963, 16.3700514 48.1958665, 16.3694093 48.1956845, 16.3692046 48.1956298, 16.3691783 48.1956701, 16.3691427 48.1957245, 16.3691364 48.1957226, 16.3689434 48.1960146, 16.3690227 48.1960439, 16.3689448 48.1961378, 16.3689504 48.1961398, 16.3689856 48.1961528, 16.3690223 48.1961664, 16.3695271 48.1963527, 16.3695526 48.1963621, 16.3695424 48.1963743, 16.3695765 48.1963869, 16.3697184 48.1964392, 16.3697533 48.1964521, 16.3697665 48.1964363, 16.3698525 48.196468, 16.3699201 48.1963866, 16.3699152 48.1963848, 16.3699583 48.1963329, 16.3699413 48.1963266, 16.3700001 48.1962557, 16.3701328 48.1963047, 16.3702667 48.1963541, 16.3705255 48.1964501, 16.3705519 48.1964148, 16.3704794 48.196387, 16.3705442 48.1963106, 16.3703462 48.1962422, 16.3702272 48.196199, 16.3700965 48.1961488, 16.3702186 48.1959979, 16.3701778 48.195976, 16.3701293 48.1959558, 16.3700769 48.1959383, 16.3700194 48.1959208, 16.370034 48.1958963), (16.3698078 48.1960348, 16.3697675 48.1960201, 16.3697721 48.1960143, 16.3696627 48.1959752, 16.3696304 48.1960021, 16.369605 48.1960321, 16.3695825 48.1960629, 16.3695657 48.1960948, 16.369675 48.1961362, 16.3696788 48.1961309, 16.3697167 48.1961453, 16.3696551 48.1962239, 16.3691635 48.196049, 16.3692006 48.19599, 16.3692181 48.1959943, 16.3693674 48.1957622, 16.3699081 48.1959116, 16.3698078 48.1960348))",Wien,27-29,1040,Gußhausstraße,university,yes,"TU Wien, Campus Gußhaus, Neues EI",,,yes,AT,,,,,,,,Vienna University of Technology,,,,,,,,,,,,,,,Neues Elektrotechnisches Institut,,,,,,,,,,,,customers,tunet,,,,,"[[[497942184, 497942191, 276172391, 278805074, 276172392, 2717350927, 2150236027, 2150236026, 276172393, 276172394, 276172395, 5860646835, 2076122846, 2076122847, 1954890457, 1516301833, 1516301835, 1954890462, 1954890452, 1516301842, 1516301838, 276172396, 1367369540, 1367369532, 1367369529, 1367369528, 276172397, 2004499224, 276172398, 2076122853, 2150236043, 2150236041, 276172405, 618283988, 2004499223, 1943143278, 497942399, 2150236029, 497942373, 2150236028, 497942184], [497942336, 497942331, 2150236032, 2150236031, 497942325, 2150236030, 2150236033, 2150236034, 497942319, 2150236036, 2150236035, 497942311, 497942305, 276172408, 1516301799, 1516301800, 276172409, 497942336]]]",,,,,,office,,,,6,,,,,,,,,,,,,,,,,,Neues EI,,"[40904414, 197362021]",multipolygon
relation,2752661,"POLYGON ((16.3706781 48.1975596, 16.3706816 48.1976044, 16.3707262 48.1976041, 16.3707266 48.1976238, 16.3706825 48.1976255, 16.370686 48.1976874, 16.3709349 48.1976867, 16.3709821 48.1975091, 16.3709074 48.1974901, 16.3708937 48.1975119, 16.3708808 48.1975136, 16.3708688 48.1975388, 16.3706759 48.1975433, 16.3706781 48.1975596), (16.3708613 48.1975961, 16.3709152 48.1975948, 16.3709162 48.1976135, 16.3708623 48.1976148, 16.3708613 48.1975961))",Wien,5,1040,Paniglgasse,university,,Hochschule für Musik und darstellende Kunst,,,,AT,,,,,,,,,,,,,,,,,,,,,,,,,,,,,,,,,,,,,,,,,"[[[1033053959, 1033053875, 2075952719, 2075952720, 1033053902, 1033053895, 1033053954, 1033053958, 2150236145, 2150236144, 2150236136, 2150236138, 1033053953, 1033053959], [2150236142, 2150236135, 2150236134, 2150236141, 2150236142]]]",,,,,,yes,,,,,,,,,,,,,,,,,,,,,,,,"[89020559, 205049686]",multipolygon
relation,4586916,"POLYGON ((16.3592954 48.2327149, 16.3589077 48.2326537, 16.3588855 48.2327159, 16.3588507 48.2328135, 16.3588089 48.2328431, 16.3587906 48.2328637, 16.3587773 48.2328855, 16.3587695 48.2329055, 16.3587661 48.2329211, 16.3587654 48.2329454, 16.3587688 48.2329649, 16.3587772 48.2329873, 16.3587888 48.2330066, 16.3588025 48.2330233, 16.3588221 48.2330413, 16.3588335 48.2330498, 16.3588614 48.2330663, 16.3588835 48.2330764, 16.3588946 48.2330809, 16.358887 48.2331006, 16.3589939 48.2331188, 16.3590015 48.2330991, 16.3590272 48.2330996, 16.3590699 48.2330951, 16.3591087 48.2330863, 16.3591419 48.2330746, 16.3591752 48.2330577, 16.3592047 48.2330365, 16.3592202 48.2330214, 16.3592331 48.2330053, 16.3592404 48.2329938, 16.359249 48.2329753, 16.3592549 48.2329519, 16.3592556 48.2329269, 16.3592518 48.2329065, 16.3592457 48.2328896, 16.3592385 48.2328748, 16.3592954 48.2327149), (16.3590013 48.2328706, 16.3590053 48.2328394, 16.359075 48.2328519, 16.3590563 48.232879, 16.3590663 48.2328838, 16.3590793 48.2328928, 16.3590904 48.2329049, 16.3590949 48.232913, 16.3590985 48.2329305, 16.3590947 48.2329468, 16.3590875 48.2329584, 16.3590797 48.2329663, 16.359062 48.2329779, 16.3590478 48.2329836, 16.3590347 48.232987, 16.3590155 48.2329894, 16.3589914 48.2329885, 16.3589734 48.2329848, 16.3589584 48.2329794, 16.358946 48.2329727, 16.3589358 48.2329649, 16.358926 48.2329533, 16.3589203 48.2329411, 16.3589187 48.2329287, 16.358922 48.2329137, 16.3589287 48.2329022, 16.3589427 48.232889, 16.3589636 48.2328779, 16.3589747 48.2328743, 16.3589924 48.2328708, 16.3590013 48.2328706))",Wien,14,1090,Althanstraße,university,,"Institut für Theater-, Film- und Medienwissenschaft",,https://tfm.univie.ac.at/,,AT,,,,,,,,Universität Wien,"Institut für Theater-, Film- und Medienwissenschaft",,,,,,,,31,,,,tfm,,,,,,,,,,,,,,,,,,,,"[[[3078981677, 92404943, 3348344744, 3348984716, 3078981671, 3078981663, 3078981670, 3078981672, 3078981664, 3078981665, 3078981662, 3078981660, 3078981657, 3078981685, 3078981659, 3078981661, 3078981676, 3078981681, 3078981658, 3078981682, 3078981679, 3078981680, 3078981666, 3078981668, 3078981678, 3078981688, 3078981674, 3078981675, 3078981686, 3078981684, 3078981687, 3078981673, 3078981654, 3078981655, 3078981669, 3078981667, 3078981683, 3078981677], [3348280955, 3348280985, 3348280896, 3348280977, 3348277786, 3348277784, 3348277782, 3348280911, 3348281111, 3348280990, 3348280979, 3348280912, 3348280983, 3348280991, 3348280915, 3348280982, 3348280934, 3348280923, 3348281107, 3348277781, 3348277787, 3348280965, 3348280984, 3348280943, 3348281095, 3348281108, 3348280987, 3348277789, 3348281109, 3348280988, 3348280955]]]",,,,,,university,,,,5,,,,,,,,,0,,,,,UZA II-Rotunde,,,,,,"[328015935, 328011240]",multipolygon
